Rk,Name,Age,Tm,Lg,G,PA,AB,R,H,2B,3B,HR,RBI,SB,CS,BB,SO,BA,OBP,SLG,OPS,OPS+,TB,GDP,HBP,SH,SF,IBB,Pos Summary
758,Andrelton Simmons\simmoan01,29,ANA,AL,46,195,188,22,56,13,0,3,21,5,1,6,15,0.298,0.323,0.415,0.738,98,78,14,1,0,0,0,*6/D
134,Kole Calhoun*\calhoko01,31,ANA,AL,45,193,170,27,38,10,1,9,26,2,1,19,46,0.224,0.302,0.453,0.755,100,77,1,1,0,2,2,*9
266,David Fletcher\fletcda02,25,ANA,AL,47,171,160,22,48,6,2,4,18,3,1,11,10,0.3,0.345,0.438,0.783,110,70,4,0,0,0,1,547/6
664,Albert Pujols\pujolal01,39,ANA,AL,43,172,152,18,36,7,0,8,24,0,0,15,23,0.237,0.308,0.441,0.749,99,67,7,2,0,3,0,3D
834,Mike Trout\troutmi01,27,ANA,AL,46,204,152,35,44,11,0,11,28,6,1,44,31,0.289,0.461,0.579,1.04,179,88,4,6,0,2,7,*8/D
328,Brian Goodwin*\goodwbr01,28,ANA,AL,46,165,145,28,43,9,1,5,16,2,1,16,39,0.297,0.366,0.476,0.842,125,69,1,1,1,2,1,*7/89D
465,Tommy La Stella*\lasteto01,30,ANA,AL,44,159,139,25,42,2,0,12,31,0,0,13,10,0.302,0.374,0.576,0.95,151,80,3,3,0,0,0,45/3D
491,Jonathan Lucroy\lucrojo01,33,ANA,AL,40,149,135,21,36,5,0,6,21,0,0,13,21,0.267,0.336,0.437,0.773,107,59,5,1,0,0,0,*2/3D
99,Justin Bour*\bourju01,31,ANA,AL,30,112,98,10,16,3,0,4,14,0,0,13,31,0.163,0.268,0.316,0.584,57,31,5,1,0,0,0,3/D
183,Zack Cozart\cozarza01,33,ANA,AL,35,99,90,4,11,2,0,0,7,0,0,4,14,0.122,0.172,0.144,0.316,-13,13,2,2,0,3,0,5/64
765,Kevan Smith\smithke04,31,ANA,AL,22,73,62,9,18,6,0,1,5,1,0,9,8,0.29,0.397,0.435,0.833,126,27,3,2,0,0,0,2/D
603,Shohei Ohtani*\ohtansh01,24,ANA,AL,13,59,52,4,13,0,0,2,8,0,0,6,17,0.25,0.339,0.365,0.704,91,19,1,1,0,0,0,D
100,Peter Bourjos\bourjpe01,32,ANA,AL,26,46,44,4,4,1,0,0,2,2,0,1,15,0.091,0.109,0.114,0.222,-40,5,1,0,0,1,0,78/D4
685,Luis Rengifo#\rengilu01,22,ANA,AL,13,48,42,3,8,2,1,0,1,0,0,5,11,0.19,0.271,0.286,0.557,51,12,1,0,0,1,0,4
874,Jared Walsh*\walshja01,25,ANA,AL,3,10,9,0,3,0,0,0,0,0,0,1,3,0.333,0.4,0.333,0.733,103,3,0,0,0,0,0,/31
875,Taylor Ward\wardta01,25,ANA,AL,4,7,7,0,1,1,0,0,0,0,0,0,5,0.143,0.143,0.286,0.429,11,2,0,0,0,0,0,/5
795,Chris Stratton\stratch01,28,ANA,AL,1,2,2,0,0,0,0,0,0,0,0,0,0,0,0,0,0,-100,0,1,0,0,0,0,/1
19,Cody Allen\allenco01,30,ANA,AL,1,1,1,0,0,0,0,0,0,0,0,0,1,0,0,0,0,-100,0,0,0,0,0,0,1
132,Trevor Cahill\cahiltr01,31,ANA,AL,1,1,1,0,0,0,0,0,0,0,0,0,1,0,0,0,0,-100,0,0,0,0,0,0,1
760,Tyler Skaggs*\skaggty01,27,ANA,AL,1,1,1,0,0,0,0,0,0,0,0,0,1,0,0,0,0,-100,0,0,0,0,0,0,/1
60,Luke Bard\bardlu01,28,ANA,AL,1,0,0,0,0,0,0,0,0,0,0,0,0,,,,,,0,0,0,0,0,0,1
127,Ty Buttrey*\buttrty01,26,ANA,AL,1,0,0,0,0,0,0,0,0,0,0,0,0,,,,,,0,0,0,0,0,0,1
305,Luis Garcia\garcilu03,32,ANA,AL,1,0,0,0,0,0,0,0,0,0,0,0,0,,,,,,0,0,0,0,0,0,1
309,Dustin Garneau\garnedu01,31,ANA,AL,1,1,0,1,0,0,0,0,0,0,0,1,0,,1,,,,0,0,0,0,0,0,/2
424,Jake Jewell\jewelja01,26,ANA,AL,2,0,0,0,0,0,0,0,0,0,0,0,0,,,,,,0,0,0,0,0,0,/1
624,Felix Pena\penafe01,29,ANA,AL,1,0,0,0,0,0,0,0,0,0,0,0,0,,,,,,0,0,0,0,0,0,/1
674,Noe Ramirez\ramirno01,29,ANA,AL,1,0,0,0,0,0,0,0,0,0,0,0,0,,,,,,0,0,0,0,0,0,1
703,Hansel Robles\robleha01,28,ANA,AL,1,0,0,0,0,0,0,0,0,0,0,0,0,,,,,,0,0,0,0,0,0,1
511,Ketel Marte#\marteke01,25,ARI,NL,49,211,193,26,50,11,2,9,31,3,0,15,39,0.259,0.318,0.477,0.794,105,92,2,2,0,1,0,48/6
626,David Peralta*\peralda01,31,ARI,NL,46,207,191,28,59,16,2,7,30,0,0,13,50,0.309,0.357,0.524,0.881,128,100,5,2,0,1,2,*7/D
255,Eduardo Escobar#\escobed01,30,ARI,NL,49,212,190,29,53,12,3,11,34,0,1,17,44,0.279,0.344,0.547,0.892,130,104,1,3,0,2,0,*5/4D
430,Adam Jones\jonesad01,33,ARI,NL,47,202,185,21,49,12,0,9,28,1,1,12,29,0.265,0.323,0.476,0.799,107,88,5,4,0,0,1,*9
9,Nick Ahmed\ahmedni01,29,ARI,NL,50,196,176,25,44,15,1,3,20,2,0,15,41,0.25,0.306,0.398,0.704,84,70,6,1,0,4,1,*6
871,Christian Walker\walkech02,28,ARI,NL,47,191,172,24,45,15,1,8,18,3,0,18,60,0.262,0.335,0.5,0.835,116,86,1,1,0,0,1,*3/D
268,Wilmer Flores\florewi01,27,ARI,NL,42,138,128,13,36,9,0,2,14,0,0,6,14,0.281,0.326,0.398,0.725,90,51,5,3,0,1,0,43
244,Jarrod Dyson*\dysonja01,34,ARI,NL,38,125,106,23,28,1,1,3,11,12,1,17,25,0.264,0.368,0.377,0.745,98,40,0,1,0,1,0,*8/79
441,Carson Kelly\kellyca02,24,ARI,NL,30,91,81,8,20,8,0,4,12,0,0,9,17,0.247,0.33,0.494,0.823,113,40,5,1,0,0,1,2/5
574,John Ryan Murphy\murphjr01,28,ARI,NL,25,69,62,9,11,3,0,4,7,0,0,6,28,0.177,0.25,0.419,0.669,72,26,0,0,1,0,0,2/1
847,Ildemaro Vargas#\vargail01,27,ARI,NL,27,59,59,7,11,3,0,1,4,1,0,0,10,0.186,0.186,0.288,0.475,22,17,3,0,0,0,0,4/5
812,Blake Swihart#\swihabl01,27,ARI,NL,23,50,46,7,7,0,0,3,8,0,0,4,22,0.152,0.22,0.348,0.568,46,16,1,0,0,0,0,/793
53,Alex Avila*\avilaal01,32,ARI,NL,15,40,27,7,7,2,0,2,6,0,0,12,9,0.259,0.5,0.556,1.056,178,15,1,1,0,0,1,/2
342,Zack Greinke\greinza01,35,ARI,NL,12,30,25,6,8,2,1,2,4,1,0,2,6,0.32,0.37,0.72,1.09,177,18,0,0,3,0,0,1
432,Caleb Joseph\josepca01,33,ARI,NL,9,17,17,2,3,1,0,0,2,0,0,0,4,0.176,0.176,0.235,0.412,7,4,0,0,0,0,0,/21
478,Tim Locastro\locasti01,26,ARI,NL,12,23,17,5,4,0,0,0,0,2,0,2,6,0.235,0.435,0.235,0.67,85,4,0,4,0,0,0,/879
878,Luke Weaver\weavelu01,25,ARI,NL,11,18,17,1,1,0,0,1,3,0,0,0,10,0.059,0.056,0.235,0.291,-29,4,0,0,0,1,0,1
677,Robbie Ray*\rayro02,27,ARI,NL,9,18,16,0,0,0,0,0,0,0,0,0,9,0,0,0,0,-100,0,0,0,2,0,0,1
467,Jake Lamb*\lambja01,28,ARI,NL,5,18,15,1,4,1,0,0,2,0,0,3,6,0.267,0.389,0.333,0.722,94,5,0,0,0,0,1,/35
443,Merrill Kelly\kellyme01,30,ARI,NL,9,17,14,1,0,0,0,0,0,0,0,1,4,0,0.067,0,0.067,-80,0,1,0,2,0,0,1
319,Zack Godley\godleza01,29,ARI,NL,9,13,12,2,3,0,0,0,1,0,0,1,6,0.25,0.308,0.25,0.558,50,3,0,0,0,0,0,1
460,Matt Koch*\kochma01,28,ARI,NL,9,6,6,0,0,0,0,0,0,0,0,0,5,0,0,0,0,-100,0,0,0,0,0,0,/1
242,Jon Duplantier*\duplajo01,24,ARI,NL,5,3,3,1,0,0,0,0,0,0,0,0,2,0,0,0,0,-100,0,0,0,0,0,0,/1
39,Matt Andriese\andrima01,29,ARI,NL,16,2,2,0,0,0,0,0,0,0,0,0,1,0,0,0,0,-100,0,0,0,0,0,0,1
756,Jimmie Sherfy\sherfji01,27,ARI,NL,4,2,2,0,0,0,0,0,0,0,0,0,2,0,0,0,0,-100,0,0,0,0,0,0,/1
171,Taylor Clarke\clarkta01,26,ARI,NL,1,1,1,0,1,0,0,0,0,0,0,0,0,1,1,1,2,432,1,0,0,0,0,0,/1
534,T.J. McFarland*\mcfartj01,30,ARI,NL,5,2,1,0,0,0,0,0,0,0,0,0,1,0,0,0,0,-100,0,0,0,1,0,0,/1
104,Archie Bradley\bradlar01,26,ARI,NL,18,0,0,0,0,0,0,0,0,0,0,0,0,,,,,,0,0,0,0,0,0,1
156,Andrew Chafin\chafian01,29,ARI,NL,22,0,0,0,0,0,0,0,0,0,0,0,0,,,,,,0,0,0,0,0,0,1
394,Yoshihisa Hirano\hiranyo01,35,ARI,NL,20,0,0,0,0,0,0,0,0,0,0,0,0,,,,,,0,0,0,0,0,0,1
399,Greg Holland\hollagr01,33,ARI,NL,15,0,0,0,0,0,0,0,0,0,0,0,0,,,,,,0,0,0,0,0,0,1
484,Yoan Lopez\lopezyo01,26,ARI,NL,22,0,0,0,0,0,0,0,0,0,0,0,0,,,,,,0,0,0,0,0,0,1
12,Ozzie Albies#\albieoz01,22,ATL,NL,51,228,209,32,55,8,2,7,22,4,2,17,39,0.263,0.32,0.421,0.741,96,88,1,1,0,1,1,*4
284,Freddie Freeman*\freemfr01,29,ATL,NL,50,226,196,35,62,12,1,12,31,0,1,28,38,0.316,0.407,0.571,0.979,157,112,3,2,0,0,1,*3
2,Ronald Acuna Jr.\acunaro01,21,ATL,NL,50,220,189,34,53,6,1,11,31,5,2,24,48,0.28,0.373,0.497,0.871,130,94,3,4,0,0,2,*78
806,Dansby Swanson\swansda01,25,ATL,NL,51,206,183,25,47,7,3,8,32,5,2,17,37,0.257,0.316,0.459,0.775,103,84,2,1,0,5,1,*6
509,Nick Markakis*\markani01,35,ATL,NL,51,210,176,32,50,12,1,4,27,0,0,30,24,0.284,0.381,0.432,0.813,117,76,5,0,0,4,1,*9/D
232,Josh Donaldson\donaljo02,33,ATL,NL,47,194,162,26,43,12,0,7,21,0,1,31,53,0.265,0.387,0.469,0.856,127,76,5,1,0,0,0,*5/D
412,Ender Inciarte*\inciaen01,28,ATL,NL,40,140,124,13,27,5,1,2,9,3,1,12,27,0.218,0.3,0.323,0.623,67,40,0,3,0,1,2,*8
136,Johan Camargo#\camarjo01,25,ATL,NL,39,110,103,12,22,4,1,2,13,1,0,7,19,0.214,0.264,0.33,0.594,57,34,2,0,0,0,1,5/7649
270,Tyler Flowers\flowety01,33,ATL,NL,28,102,93,9,25,0,2,5,9,0,0,7,33,0.269,0.333,0.473,0.806,112,44,2,2,0,0,0,2
530,Brian McCann*\mccanbr01,35,ATL,NL,23,92,79,8,22,4,0,3,17,0,0,8,9,0.278,0.337,0.443,0.78,106,35,4,1,0,4,1,2
433,Matthew Joyce*\joycema01,34,ATL,NL,40,55,48,6,12,4,0,2,5,0,0,7,13,0.25,0.345,0.458,0.804,112,22,0,0,0,0,0,/79D
191,Charlie Culberson\culbech01,30,ATL,NL,31,42,41,6,15,2,0,3,10,0,1,0,13,0.366,0.357,0.634,0.991,157,26,2,0,0,1,0,7/3519
697,Austin Riley\rileyau01,22,ATL,NL,9,38,36,8,14,1,0,5,12,0,1,1,12,0.389,0.421,0.833,1.254,223,30,0,1,0,0,0,/75
821,Julio Teheran\teherju01,28,ATL,NL,10,21,20,0,2,0,0,0,2,0,0,0,10,0.1,0.1,0.1,0.2,-46,2,0,0,1,0,0,1
312,Kevin Gausman*\gausmke01,28,ATL,NL,10,18,18,0,1,0,0,0,0,0,0,0,13,0.056,0.056,0.056,0.111,-70,1,0,0,0,0,0,1
288,Max Fried*\friedma01,25,ATL,NL,13,21,17,5,2,1,0,0,1,0,0,1,5,0.118,0.167,0.176,0.343,-8,3,0,0,3,0,0,1
775,Mike Soroka\sorokmi01,21,ATL,NL,7,17,16,1,1,0,0,0,1,0,0,0,8,0.063,0.063,0.063,0.125,-66,1,0,0,1,0,0,/1
414,Alex Jackson\jacksal02,23,ATL,NL,3,11,10,0,0,0,0,0,0,0,0,1,3,0,0.091,0,0.091,-72,0,1,0,0,0,1,/2
271,Mike Foltynewicz\foltymi01,27,ATL,NL,5,9,8,0,0,0,0,0,0,0,0,0,5,0,0,0,0,-100,0,1,0,1,0,0,/1
831,Touki Toussaint\toussto01,23,ATL,NL,6,7,6,0,0,0,0,0,0,0,0,0,4,0,0,0,0,-100,0,0,0,1,0,0,/1
909,Kyle Wright\wrighky01,23,ATL,NL,3,5,5,0,0,0,0,0,0,0,0,0,3,0,0,0,0,-100,0,0,0,0,0,0,/1
584,Sean Newcomb*\newcose01,26,ATL,NL,11,4,4,0,0,0,0,0,0,0,0,0,3,0,0,0,0,-100,0,0,0,0,0,0,1
897,Bryse Wilson\wilsobr02,21,ATL,NL,2,2,2,0,0,0,0,0,0,0,0,0,2,0,0,0,0,-100,0,0,0,0,0,0,/1
141,Shane Carle\carlesh01,27,ATL,NL,5,1,1,0,0,0,0,0,0,0,0,0,1,0,0,0,0,-100,0,0,0,0,0,0,/1
619,Wes Parsons\parsowe01,26,ATL,NL,14,1,1,0,0,0,0,0,0,0,0,0,1,0,0,0,0,-100,0,0,0,0,0,0,1
769,Chad Sobotka\sobotch01,25,ATL,NL,12,1,1,0,0,0,0,0,0,0,0,0,1,0,0,0,0,-100,0,0,0,0,0,0,1
829,Josh Tomlin\tomlijo01,34,ATL,NL,13,1,1,0,0,0,0,0,0,0,0,0,0,0,0,0,0,-100,0,0,0,0,0,0,1
89,Jesse Biddle*\biddlje01,27,ATL,NL,13,0,0,0,0,0,0,0,0,0,0,0,0,,,,,,0,0,0,0,0,0,1
95,Jerry Blevins*\blevije01,35,ATL,NL,9,0,0,0,0,0,0,0,0,0,0,0,0,,,,,,0,0,0,0,0,0,/1
208,Grant Dayton*\daytogr01,31,ATL,NL,5,0,0,0,0,0,0,0,0,0,0,0,0,,,,,,0,0,0,0,0,0,/1
418,Luke Jackson\jackslu01,27,ATL,NL,22,0,0,0,0,0,0,0,0,0,0,0,0,,,,,,0,0,0,0,0,0,1
553,A.J. Minter*\minteaj01,25,ATL,NL,14,0,0,0,0,0,0,0,0,0,0,0,0,,,,,,0,0,0,0,0,0,1
809,Anthony Swarzak\swarzan01,33,ATL,NL,1,0,0,0,0,0,0,0,0,0,0,0,0,,,,,,0,0,0,0,0,0,/1
856,Jonny Venters*\ventejo01,34,ATL,NL,9,0,0,0,0,0,0,0,0,0,0,0,0,,,,,,0,0,0,0,0,0,/1
861,Arodys Vizcaino\vizcaar01,28,ATL,NL,4,0,0,0,0,0,0,0,0,0,0,0,0,,,,,,0,0,0,0,0,0,/1
879,Jacob Webb\webbja01,25,ATL,NL,16,0,0,0,0,0,0,0,0,0,0,0,0,,,,,,0,0,0,0,0,0,1
901,Dan Winkler\winklda01,29,ATL,NL,16,0,0,0,0,0,0,0,0,0,0,0,0,,,,,,0,0,0,0,0,0,1
859,Jonathan Villar#\villajo01,28,BAL,AL,50,219,201,29,49,11,1,5,19,9,2,15,52,0.244,0.298,0.383,0.681,83,77,4,1,1,1,0,*46
504,Trey Mancini\mancitr01,27,BAL,AL,47,203,186,33,56,15,0,10,24,0,0,15,46,0.301,0.35,0.543,0.893,137,101,2,0,0,2,1,*93/D7
764,Dwight Smith Jr.*\smithdw02,26,BAL,AL,47,198,185,27,50,10,2,8,28,4,0,10,37,0.27,0.313,0.476,0.789,110,88,4,2,0,1,0,*7/D
594,Renato Nunez\nunezre01,25,BAL,AL,48,188,175,23,39,7,0,10,25,0,1,11,52,0.223,0.277,0.434,0.711,89,76,3,2,0,0,1,*D/357
722,Rio Ruiz*\ruizri01,25,BAL,AL,47,170,151,13,37,5,0,4,14,0,0,18,36,0.245,0.324,0.358,0.681,85,54,4,0,0,1,0,*5/34D
201,Chris Davis*\davisch02,33,BAL,AL,42,143,128,11,22,4,0,5,17,0,0,13,56,0.172,0.259,0.32,0.579,56,41,2,2,0,0,1,*3/D1
11,Hanser Alberto\alberha01,26,BAL,AL,37,129,124,9,36,3,0,3,13,2,0,2,15,0.29,0.302,0.387,0.689,86,48,1,1,0,2,0,45/719
695,Joey Rickard\rickajo01,28,BAL,AL,42,135,118,10,24,7,2,2,6,3,2,14,33,0.203,0.304,0.347,0.651,77,41,0,3,0,0,1,*98/7D
517,Richie Martin\martiri01,24,BAL,AL,40,110,101,9,17,4,2,1,4,2,0,7,36,0.168,0.229,0.277,0.507,37,28,3,1,1,0,0,*6
890,Stevie Wilkerson#\wilkest01,27,BAL,AL,27,98,93,13,24,5,0,5,13,1,0,4,30,0.258,0.296,0.473,0.769,104,44,2,1,0,0,0,8/974
752,Pedro Severino\severpe01,25,BAL,AL,26,90,78,6,19,3,0,5,10,0,0,9,19,0.244,0.337,0.474,0.811,117,37,0,2,1,0,0,2
570,Cedric Mullins#\mullice01,24,BAL,AL,22,74,64,7,6,0,2,0,4,1,0,4,14,0.094,0.181,0.156,0.337,-7,10,2,3,2,1,0,8
802,Jesus Sucre\sucreje01,31,BAL,AL,20,67,62,3,13,2,0,0,3,0,0,4,13,0.21,0.269,0.242,0.511,41,15,1,1,0,0,0,2/3D1
910,Austin Wynns\wynnsau01,28,BAL,AL,12,37,35,2,8,1,0,0,1,0,0,2,6,0.229,0.27,0.257,0.527,45,9,1,0,0,0,0,2
415,Drew Jackson\jacksdr01,25,BAL,AL,3,4,3,0,0,0,0,0,0,0,0,1,1,0,0.25,0,0.25,-22,0,0,0,0,0,0,/87
740,Anthony Santander#\santaan02,24,BAL,AL,1,4,2,2,1,0,0,1,1,0,0,1,1,0.5,0.75,2,2.75,604,4,0,1,0,0,0,/9
220,Rafael Devers*\deverra01,22,BOS,AL,50,212,189,35,60,13,0,6,29,6,3,20,32,0.317,0.384,0.481,0.865,127,91,2,1,1,1,2,*5/D
86,Mookie Betts\bettsmo01,26,BOS,AL,49,227,187,42,54,13,0,8,25,5,1,36,33,0.289,0.405,0.487,0.892,135,91,3,2,0,2,3,*9/8D
96,Xander Bogaerts\bogaexa01,26,BOS,AL,48,216,187,36,54,14,0,8,32,1,1,28,40,0.289,0.38,0.492,0.872,129,92,3,0,0,1,0,*6
81,Andrew Benintendi*\beninan01,24,BOS,AL,45,212,180,25,48,8,2,5,20,4,1,24,49,0.267,0.362,0.417,0.779,106,75,2,4,2,2,1,*7/8D
520,J.D. Martinez\martijd02,31,BOS,AL,44,195,169,28,52,9,0,9,29,1,0,22,29,0.308,0.39,0.521,0.91,138,88,4,2,0,2,4,D9/7
105,Jackie Bradley Jr.*\bradlja02,29,BOS,AL,42,164,143,16,24,6,0,2,10,3,0,16,48,0.168,0.259,0.252,0.511,37,36,5,2,2,1,0,*8/9
564,Mitch Moreland*\morelmi01,33,BOS,AL,44,166,143,25,34,9,0,13,34,1,0,21,34,0.238,0.331,0.573,0.905,132,82,8,0,0,2,0,*3/D
850,Christian Vazquez\vazquch01,28,BOS,AL,39,139,129,17,38,7,0,6,16,1,2,9,22,0.295,0.338,0.488,0.827,115,63,6,0,0,1,2,*2/4D3
162,Michael Chavis\chavimi01,23,BOS,AL,29,128,111,18,31,2,0,10,26,2,1,15,34,0.279,0.375,0.568,0.943,144,63,7,2,0,0,0,4/35
593,Eduardo Nunez\nunezed02,32,BOS,AL,28,84,80,6,15,2,0,1,10,4,1,2,14,0.188,0.205,0.25,0.455,20,20,4,0,1,1,0,4/D516
621,Steve Pearce\pearcst01,36,BOS,AL,24,86,76,8,13,3,0,1,8,0,0,7,27,0.171,0.247,0.25,0.497,33,19,5,1,0,1,0,3/D7
472,Sandy Leon#\leonsa01,30,BOS,AL,14,45,38,3,7,1,0,1,5,0,0,5,7,0.184,0.295,0.289,0.585,56,11,0,1,1,0,0,2/D
811,Blake Swihart#\swihabl01,27,BOS,AL,12,29,26,4,6,1,0,1,4,0,0,2,7,0.231,0.31,0.385,0.695,83,10,0,1,0,0,0,/237
475,Tzu-Wei Lin*\lintz02,25,BOS,AL,13,22,20,3,4,2,0,0,1,1,1,2,6,0.2,0.273,0.3,0.573,52,6,0,0,0,0,0,/468
623,Dustin Pedroia\pedrodu01,35,BOS,AL,6,21,20,1,2,0,0,0,1,0,0,1,2,0.1,0.143,0.1,0.243,-33,2,2,0,0,0,0,/4D
401,Brock Holt*\holtbr01,31,BOS,AL,6,19,16,0,1,0,0,0,1,0,0,2,7,0.063,0.211,0.063,0.273,-21,1,0,1,0,0,0,/46
832,Sam Travis\travisa01,25,BOS,AL,2,7,7,0,2,0,0,0,0,0,0,0,0,0.286,0.286,0.286,0.571,53,2,0,0,0,0,0,/3D
657,Rick Porcello\porceri01,30,BOS,AL,1,2,2,0,0,0,0,0,0,0,0,0,0,0,0,0,0,-100,0,0,0,0,0,0,1
661,David Price*\priceda01,33,BOS,AL,1,2,2,0,1,0,0,0,1,0,0,0,1,0.5,0.5,0.5,1,167,1,0,0,0,0,0,/1
64,Matt Barnes\barnema01,29,BOS,AL,1,1,1,0,0,0,0,0,0,0,0,0,1,0,0,0,0,-100,0,0,0,0,0,0,1
854,Hector Velazquez\velazhe01,30,BOS,AL,2,1,1,0,0,0,0,0,0,0,0,0,1,0,0,0,0,-100,0,0,0,0,0,0,1
869,Marcus Walden\waldema01,30,BOS,AL,1,1,1,0,0,0,0,0,0,0,0,0,1,0,0,0,0,-100,0,0,0,0,0,0,1
107,Ryan Brasier\brasiry01,31,BOS,AL,2,0,0,0,0,0,0,0,0,0,0,0,0,,,,,,0,0,0,0,0,0,1
113,Colten Brewer\breweco01,26,BOS,AL,1,0,0,0,0,0,0,0,0,0,0,0,0,,,,,,0,0,0,0,0,0,1
428,Brian Johnson*\johnsbr02,28,BOS,AL,1,0,0,0,0,0,0,0,0,0,0,0,0,,,,,,0,0,0,0,0,0,/1
659,Bobby Poyner*\poynebo01,26,BOS,AL,1,0,0,0,0,0,0,0,0,0,0,0,0,,,,,,0,0,0,0,0,0,/1
826,Tyler Thornburg\thornty01,30,BOS,AL,2,0,0,0,0,0,0,0,0,0,0,0,0,,,,,,0,0,0,0,0,0,1
908,Brandon Workman\workmbr01,30,BOS,AL,2,0,0,0,0,0,0,0,0,0,0,0,0,,,,,,0,0,0,0,0,0,1
57,Javier Baez\baezja01,26,CHC,NL,47,208,194,36,62,17,1,12,33,2,2,13,61,0.32,0.361,0.603,0.964,149,117,4,0,0,1,2,*6
120,Kris Bryant\bryankr01,27,CHC,NL,47,214,175,40,49,14,1,11,32,1,0,32,34,0.28,0.407,0.56,0.967,153,98,2,6,0,1,0,57/93D
698,Anthony Rizzo*\rizzoan01,29,CHC,NL,44,202,168,33,46,9,1,13,37,1,1,24,27,0.274,0.391,0.571,0.963,151,96,5,9,0,1,1,*3
387,Jason Heyward*\heywaja01,29,CHC,NL,45,188,156,23,37,2,2,6,18,4,0,29,32,0.237,0.356,0.391,0.747,99,61,7,1,0,2,3,*98
745,Kyle Schwarber*\schwaky01,26,CHC,NL,44,176,146,21,34,5,1,7,17,0,2,26,47,0.233,0.347,0.425,0.771,104,62,1,1,0,3,4,*7/D
177,Willson Contreras\contrwi01,27,CHC,NL,45,176,145,25,45,8,0,11,30,1,2,22,44,0.31,0.42,0.593,1.014,165,86,3,7,0,2,2,*2/39
22,Albert Almora\almoral01,25,CHC,NL,46,153,142,20,38,7,0,5,18,2,0,7,26,0.268,0.307,0.423,0.729,91,60,3,1,3,0,2,*8
98,David Bote\boteda01,26,CHC,NL,43,139,121,18,30,7,0,4,17,0,0,15,35,0.248,0.338,0.405,0.743,97,49,4,2,0,1,1,54/6
216,Daniel Descalso*\descada01,32,CHC,NL,43,131,117,16,24,5,1,2,14,1,1,12,34,0.205,0.277,0.316,0.593,57,37,3,0,1,1,0,4/D
917,Ben Zobrist#\zobribe01,38,CHC,NL,26,99,83,12,20,1,0,0,10,0,0,14,12,0.241,0.343,0.253,0.596,63,21,5,0,0,2,0,49/7D
914,Mark Zagunis\zagunma01,26,CHC,NL,28,39,35,2,9,3,0,0,5,0,0,4,15,0.257,0.333,0.343,0.676,81,12,1,0,0,0,0,/97
723,Addison Russell\russead02,25,CHC,NL,13,37,33,3,7,1,0,1,2,0,0,3,7,0.212,0.278,0.333,0.611,62,11,1,0,1,0,0,4/6
140,Victor Caratini#\caratvi01,25,CHC,NL,10,29,23,5,10,3,0,1,5,0,0,5,7,0.435,0.552,0.696,1.247,229,16,0,1,0,0,0,/235
377,Kyle Hendricks\hendrky01,29,CHC,NL,9,23,21,1,4,1,0,0,3,0,0,1,11,0.19,0.227,0.238,0.465,24,5,0,0,1,0,0,/1
668,Jose Quintana\quintjo01,30,CHC,NL,9,20,18,1,1,0,0,0,0,0,0,0,10,0.056,0.056,0.056,0.111,-70,1,0,0,2,0,0,1
359,Cole Hamels*\hamelco01,35,CHC,NL,8,18,17,0,0,0,0,0,1,0,0,0,4,0,0,0,0,-100,0,2,0,0,1,0,1
198,Yu Darvish\darviyu01,32,CHC,NL,9,17,16,0,1,0,0,0,0,0,0,0,9,0.063,0.063,0.063,0.125,-67,1,0,0,1,0,0,1
206,Taylor Davis\davista01,29,CHC,NL,6,17,15,2,3,0,0,1,4,0,0,2,4,0.2,0.294,0.4,0.694,82,6,0,0,0,0,0,/23
474,Jon Lester*\lestejo01,35,CHC,NL,8,12,10,1,2,1,0,0,2,0,0,2,6,0.2,0.333,0.3,0.633,71,3,0,0,0,0,0,/1
160,Tyler Chatwood\chatwty01,29,CHC,NL,13,7,6,1,2,2,0,0,1,0,0,0,2,0.333,0.333,0.667,1,156,4,0,0,1,0,0,1
558,Mike Montgomery*\montgmi01,29,CHC,NL,7,3,3,0,1,0,0,0,0,0,0,0,1,0.333,0.333,0.333,0.667,79,1,0,0,0,0,0,/1
169,Steve Cishek\cishest01,33,CHC,NL,19,2,2,0,0,0,0,0,0,0,0,0,0,0,0,0,0,-100,0,0,0,0,0,0,1
102,Brad Brach\brachbr01,33,CHC,NL,19,2,1,0,0,0,0,0,0,0,0,0,0,0,0,0,0,-100,0,0,0,1,0,0,1
719,Randy Rosario*\rosarra01,25,CHC,NL,7,1,1,0,0,0,0,0,0,0,0,0,0,0,0,0,0,-100,0,0,0,0,0,0,/1
152,Xavier Cedeno*\cedenxa01,32,CHC,NL,5,0,0,0,0,0,0,0,0,0,0,0,0,,,,,,0,0,0,0,0,0,/1
174,Tim Collins*\colliti01,29,CHC,NL,4,0,0,0,0,0,0,0,0,0,0,0,0,,,,,,0,0,0,0,0,0,/1
247,Carl Edwards Jr.\edwarca01,27,CHC,NL,11,0,0,0,0,0,0,0,0,0,0,0,0,,,,,,0,0,0,0,0,0,1
456,Brandon Kintzler\kintzbr01,34,CHC,NL,21,0,0,0,0,0,0,0,0,0,0,0,0,,,,,,0,0,0,0,0,0,1
505,Dillon Maples\mapledi01,27,CHC,NL,2,0,0,0,0,0,0,0,0,0,0,0,0,,,,,,0,0,0,0,0,0,/1
724,Kyle Ryan*\ryanky01,27,CHC,NL,21,0,0,0,0,0,0,0,0,0,0,0,0,,,,,,0,0,0,0,0,0,1
798,Pedro Strop\stroppe01,34,CHC,NL,10,0,0,0,0,0,0,0,0,0,0,0,0,,,,,,0,0,0,0,0,0,1
881,Allen Webster\webstal01,29,CHC,NL,11,0,0,0,0,0,0,0,0,0,0,0,0,,,,,,0,0,0,0,0,0,1
886,Rowan Wick*\wickro01,26,CHC,NL,1,0,0,0,0,0,0,0,0,0,0,0,0,,,,,,0,0,0,0,0,0,/1
1,Jose Abreu\abreujo02,32,CHW,AL,49,211,194,24,51,13,0,12,40,2,2,15,50,0.263,0.318,0.515,0.833,120,100,4,1,0,1,2,*3D
555,Yoan Moncada#\moncayo01,24,CHW,AL,48,208,190,33,53,11,2,9,31,5,3,15,58,0.279,0.337,0.5,0.837,123,95,1,2,0,1,0,*5
37,Tim Anderson\anderti01,26,CHW,AL,45,184,175,27,57,5,0,8,25,13,2,7,36,0.326,0.359,0.491,0.85,128,86,4,2,0,0,0,*6
304,Leury Garcia#\garcile02,28,CHW,AL,44,184,173,31,47,8,0,2,15,7,1,6,46,0.272,0.306,0.353,0.659,79,61,2,3,1,1,0,*89/764
24,Yonder Alonso*\alonsyo01,32,CHW,AL,47,185,160,19,28,4,0,6,20,0,0,25,40,0.175,0.286,0.313,0.599,63,50,3,0,0,0,2,D3
733,Yolmer Sanchez#\sanchca01,27,CHW,AL,41,138,119,13,28,6,0,1,7,1,1,14,36,0.235,0.324,0.311,0.634,74,37,0,2,2,1,0,*4
531,James McCann\mccanja02,29,CHW,AL,30,118,111,17,37,9,0,4,12,3,0,6,29,0.333,0.373,0.523,0.895,139,58,3,1,0,0,0,2/D
425,Eloy Jimenez\jimenel02,22,CHW,AL,25,100,94,10,22,2,0,6,11,0,0,5,31,0.234,0.28,0.447,0.727,93,42,1,1,0,0,0,7
147,Welington Castillo\castiwe01,32,CHW,AL,25,94,81,4,14,3,0,3,10,0,0,10,26,0.173,0.287,0.321,0.608,65,26,3,3,0,0,0,2/D
180,Ryan Cordell\cordery01,27,CHW,AL,30,90,77,7,19,3,0,3,11,2,0,8,24,0.247,0.333,0.403,0.736,99,31,1,2,3,0,0,9
716,Jose Rondon\rondojo02,25,CHW,AL,23,67,64,6,14,3,0,2,5,0,0,2,19,0.219,0.254,0.359,0.613,64,23,1,1,0,0,0,4/65D71
215,Nicky Delmonico*\delmoni01,26,CHW,AL,21,68,63,6,13,2,0,1,6,0,1,4,25,0.206,0.265,0.286,0.55,50,18,1,1,0,0,0,7/3
828,Charlie Tilson*\tilsoch01,26,CHW,AL,17,63,59,9,18,2,0,1,7,3,0,4,19,0.305,0.349,0.39,0.739,101,23,0,0,0,0,0,/987
252,Adam Engel\engelad01,27,CHW,AL,26,58,52,7,11,2,1,1,4,0,1,4,20,0.212,0.281,0.346,0.627,69,18,1,1,1,0,0,8
612,Daniel Palka*\palkada01,27,CHW,AL,13,42,35,0,1,0,0,0,2,0,0,6,15,0.029,0.19,0.029,0.219,-34,1,2,1,0,0,0,9
801,Eugenio Suarez\suareeu01,27,CIN,NL,49,201,177,27,45,10,0,13,31,1,2,21,52,0.254,0.338,0.531,0.869,125,94,3,2,0,1,1,*5
865,Joey Votto*\vottojo01,35,CIN,NL,46,195,168,22,35,7,1,4,8,1,0,24,48,0.208,0.318,0.333,0.651,73,56,3,3,0,0,2,*3
663,Yasiel Puig\puigya01,28,CIN,NL,45,178,165,17,34,4,0,7,25,7,2,10,45,0.206,0.253,0.358,0.61,59,59,4,1,0,2,0,*9
410,Jose Iglesias\iglesjo01,29,CIN,NL,45,162,155,17,47,8,1,3,17,1,2,6,24,0.303,0.333,0.426,0.759,99,66,2,1,0,0,2,*6
900,Jesse Winker*\winkeje01,25,CIN,NL,45,164,149,24,33,5,0,10,16,0,1,14,31,0.221,0.293,0.456,0.749,94,68,4,1,0,0,2,*7/89
630,Jose Peraza\perazjo01,25,CIN,NL,46,146,137,14,28,4,0,4,11,4,3,6,24,0.204,0.253,0.321,0.575,51,44,3,3,0,0,0,*46/78
65,Tucker Barnhart#\barnhtu01,28,CIN,NL,41,127,109,14,19,2,0,4,12,0,0,17,31,0.174,0.286,0.303,0.588,56,33,1,0,1,0,1,*2
228,Derek Dietrich*\dietrde01,29,CIN,NL,46,119,100,18,25,2,1,12,27,1,1,11,23,0.25,0.361,0.65,1.011,159,65,1,7,0,1,1,4/73D5
741,Scott Schebler*\schebsc01,28,CIN,NL,30,95,81,11,10,2,0,2,7,0,1,14,27,0.123,0.253,0.222,0.475,28,18,3,0,0,0,0,8/79
751,Nick Senzel\senzeni01,24,CIN,NL,18,85,75,11,18,1,2,3,7,5,2,9,22,0.24,0.321,0.427,0.748,96,32,1,0,0,0,0,8
143,Curt Casali\casalcu01,30,CIN,NL,30,74,68,4,18,5,0,0,9,0,0,5,18,0.265,0.324,0.338,0.663,76,23,0,1,0,0,0,2/3D
260,Kyle Farmer\farmeky01,28,CIN,NL,35,66,61,9,14,2,0,5,14,2,1,3,20,0.23,0.273,0.508,0.781,100,31,0,1,0,1,0,4/35
444,Matt Kemp\kempma01,34,CIN,NL,20,62,60,4,12,2,0,1,5,0,0,1,19,0.2,0.21,0.283,0.493,29,17,2,0,0,1,0,7
146,Luis Castillo\castilu02,26,CIN,NL,11,23,22,2,2,0,0,0,0,0,0,0,11,0.091,0.091,0.091,0.182,-52,2,0,0,1,0,0,1
254,Phil Ervin\ervinph01,26,CIN,NL,10,20,16,2,4,1,1,0,2,0,1,4,7,0.25,0.4,0.438,0.838,122,7,0,0,0,0,0,/987
846,Josh VanMeter*\vanmejo01,24,CIN,NL,9,19,16,1,3,1,0,0,3,1,0,2,3,0.188,0.316,0.25,0.566,53,4,1,1,0,0,0,/745D
217,Anthony DeSclafani\desclan01,29,CIN,NL,9,16,15,0,3,0,0,0,0,0,0,0,7,0.2,0.2,0.2,0.4,7,3,0,0,1,0,0,/1
699,Tanner Roark\roarkta01,32,CIN,NL,9,15,15,0,2,0,0,0,0,0,0,0,5,0.133,0.133,0.133,0.267,-29,2,0,0,0,0,0,1
338,Sonny Gray\grayso01,29,CIN,NL,9,16,13,0,1,0,0,0,0,0,0,1,5,0.077,0.143,0.077,0.22,-39,1,0,0,2,0,0,1
500,Tyler Mahle\mahlety01,24,CIN,NL,9,16,13,1,1,1,0,0,0,0,0,0,8,0.077,0.077,0.154,0.231,-41,2,0,0,3,0,0,/1
485,Michael Lorenzen\lorenmi01,27,CIN,NL,32,9,8,3,1,1,0,0,1,2,0,1,4,0.125,0.222,0.25,0.472,25,2,1,0,0,0,0,1/87
680,Cody Reed*\reedco01,26,CIN,NL,2,1,1,0,0,0,0,0,0,0,0,0,1,0,0,0,0,-100,0,0,0,0,0,0,/1
240,Zach Duke*\dukeza01,36,CIN,NL,22,0,0,0,0,0,0,0,0,0,0,0,0,,,,,,0,0,0,0,0,0,1
310,Amir Garrett\garream01,27,CIN,NL,23,0,0,0,0,0,0,0,0,0,0,0,0,,,,,,0,0,0,0,0,0,1
381,David Hernandez\hernada01,34,CIN,NL,23,0,0,0,0,0,0,0,0,0,0,0,0,,,,,,0,0,0,0,0,0,1
407,Jared Hughes\hugheja02,33,CIN,NL,21,0,0,0,0,0,0,0,0,0,0,0,0,,,,,,0,0,0,0,0,0,1
411,Raisel Iglesias\iglesra01,29,CIN,NL,20,0,0,0,0,0,0,0,0,0,0,0,0,,,,,,0,0,0,0,0,0,1
628,Wandy Peralta*\peralwa01,27,CIN,NL,20,0,0,0,0,0,0,0,0,0,0,0,0,,,,,,0,0,0,0,0,0,1
786,Robert Stephenson\stephro01,26,CIN,NL,17,0,0,0,0,0,0,0,0,0,0,0,0,,,,,,0,0,0,0,0,0,1
672,Jose Ramirez#\ramirjo01,26,CLE,AL,49,210,182,17,36,7,0,4,15,12,2,25,30,0.198,0.3,0.302,0.602,60,55,3,2,0,1,1,*5
736,Carlos Santana#\santaca01,33,CLE,AL,48,202,167,27,48,9,0,8,28,1,0,34,29,0.287,0.411,0.485,0.896,135,81,5,1,0,0,5,*3/D
516,Leonys Martin*\martile01,31,CLE,AL,44,188,166,26,37,6,0,6,12,3,3,15,55,0.223,0.303,0.367,0.67,75,61,1,4,3,0,0,*8
71,Jake Bauers*\bauerja01,23,CLE,AL,47,174,154,18,34,5,0,5,17,2,2,18,44,0.221,0.305,0.351,0.655,72,54,1,1,0,1,0,7D/3
457,Jason Kipnis*\kipnija01,32,CLE,AL,32,137,123,10,27,8,0,2,11,4,0,14,25,0.22,0.299,0.333,0.633,66,41,4,0,0,0,0,4/D
476,Francisco Lindor#\lindofr01,25,CLE,AL,30,133,119,17,34,4,0,7,15,5,1,10,22,0.286,0.338,0.496,0.834,115,59,2,1,0,3,2,6/D
323,Carlos Gonzalez*\gonzaca01,33,CLE,AL,30,117,105,13,22,1,0,2,7,0,1,10,33,0.21,0.282,0.276,0.558,48,29,2,1,0,1,0,7/D9
635,Roberto Perez\perezro02,30,CLE,AL,34,117,101,12,23,2,0,6,14,0,0,13,34,0.228,0.319,0.426,0.745,93,43,1,1,1,1,0,*2
579,Tyler Naquin*\naquity01,28,CLE,AL,30,96,90,7,25,6,0,1,10,3,0,5,26,0.278,0.316,0.378,0.694,81,34,1,0,1,0,1,9/D
494,Jordan Luplow\luplojo01,25,CLE,AL,26,77,70,12,17,3,0,5,10,1,1,6,25,0.243,0.299,0.5,0.799,104,35,3,0,0,1,0,9/87D
651,Kevin Plawecki\plaweke01,28,CLE,AL,21,60,53,4,8,5,0,1,1,0,0,6,12,0.151,0.25,0.302,0.552,44,16,2,1,0,0,0,2/1
670,Hanley Ramirez\ramirha01,35,CLE,AL,16,57,49,4,9,1,0,2,8,0,0,8,17,0.184,0.298,0.327,0.625,65,16,2,0,0,0,0,D
780,Eric Stamets\stameer01,27,CLE,AL,15,48,41,4,2,1,0,0,2,0,0,5,24,0.049,0.149,0.073,0.222,-38,3,2,0,1,1,0,6
20,Greg Allen#\allengr01,26,CLE,AL,19,42,38,4,4,2,0,0,6,0,0,2,14,0.105,0.167,0.158,0.325,-14,6,0,1,0,1,0,/798
549,Brad Miller*\millebr02,29,CLE,AL,13,40,36,4,9,3,0,1,4,1,0,4,10,0.25,0.325,0.417,0.742,93,15,0,0,0,0,0,4
566,Max Moroff#\morofma01,26,CLE,AL,20,35,32,3,4,1,0,1,4,1,0,2,16,0.125,0.176,0.25,0.426,10,8,0,0,1,0,0,46/5
285,Mike Freeman*\freemmi01,31,CLE,AL,16,38,26,3,6,1,0,0,5,0,2,9,9,0.231,0.417,0.269,0.686,87,7,0,0,2,1,0,/6475
544,Oscar Mercado\mercaos01,24,CLE,AL,8,26,23,5,6,3,0,0,3,0,1,2,5,0.261,0.346,0.391,0.737,94,9,1,1,0,0,0,/798
357,Eric Haase\haaseer01,26,CLE,AL,1,4,4,0,0,0,0,0,0,0,0,0,3,0,0,0,0,-100,0,0,0,0,0,0,/2
70,Trevor Bauer\bauertr01,28,CLE,AL,1,3,2,0,0,0,0,0,0,0,0,0,1,0,0,0,0,-100,0,0,0,1,0,0,1
458,Corey Kluber\klubeco01,33,CLE,AL,1,1,1,0,0,0,0,0,0,0,0,0,1,0,0,0,0,-100,0,0,0,0,0,0,/1
168,Adam Cimber\cimbead01,28,CLE,AL,1,0,0,0,0,0,0,0,0,0,0,0,0,,,,,,0,0,0,0,0,0,1
173,Tyler Clippard\clippty01,34,CLE,AL,1,0,0,0,0,0,0,0,0,0,0,0,0,,,,,,0,0,0,0,0,0,1
362,Brad Hand*\handbr01,29,CLE,AL,1,0,0,0,0,0,0,0,0,0,0,0,0,,,,,,0,0,0,0,0,0,1
606,Dan Otero\oteroda01,34,CLE,AL,1,0,0,0,0,0,0,0,0,0,0,0,0,,,,,,0,0,0,0,0,0,1
673,Neil Ramirez\ramirne01,30,CLE,AL,1,0,0,0,0,0,0,0,0,0,0,0,0,,,,,,0,0,0,0,0,0,1
904,Nick Wittgren\wittgni01,28,CLE,AL,1,0,0,0,0,0,0,0,0,0,0,0,0,,,,,,0,0,0,0,0,0,1
94,Charlie Blackmon*\blackch02,32,COL,NL,46,219,200,35,60,13,5,10,31,2,2,14,40,0.3,0.356,0.565,0.921,127,113,2,4,0,1,0,*9/D
791,Trevor Story\storytr01,26,COL,NL,48,219,197,39,53,8,1,11,31,8,3,17,56,0.269,0.338,0.487,0.825,104,96,1,4,0,1,0,*6
45,Nolan Arenado\arenano01,28,COL,NL,47,212,193,35,61,13,2,11,35,1,1,16,22,0.316,0.363,0.575,0.938,131,111,3,0,0,3,3,*5
197,David Dahl*\dahlda01,25,COL,NL,39,152,138,19,41,12,2,3,15,1,2,9,50,0.297,0.344,0.478,0.823,104,66,3,2,1,2,0,*78/9
219,Ian Desmond\desmoia01,33,COL,NL,43,154,138,20,32,10,2,5,20,0,1,14,40,0.232,0.305,0.442,0.747,85,61,4,1,0,1,0,*8/D
816,Raimel Tapia*\tapiara01,25,COL,NL,44,136,128,15,37,8,4,5,20,1,2,8,39,0.289,0.331,0.531,0.862,112,68,0,0,0,0,0,7/D9
538,Ryan McMahon*\mcmahry01,24,COL,NL,34,126,111,20,28,4,0,5,17,1,0,15,34,0.252,0.341,0.423,0.765,91,47,0,0,0,0,0,43/5
905,Tony Wolters*\wolteto01,27,COL,NL,33,114,102,14,30,9,1,1,14,0,0,9,19,0.294,0.345,0.431,0.777,94,44,1,0,1,2,3,2/4
361,Garrett Hampson\hampsga01,24,COL,NL,31,99,93,10,18,2,1,1,6,1,2,4,26,0.194,0.224,0.269,0.493,24,25,1,0,1,1,0,4/876
692,Mark Reynolds\reynoma01,35,COL,NL,42,103,86,10,17,5,0,4,16,1,0,13,33,0.198,0.311,0.395,0.706,76,34,1,2,0,2,0,3/D
573,Daniel Murphy*\murphda08,34,COL,NL,25,88,80,12,16,6,0,3,19,0,0,7,13,0.2,0.261,0.388,0.649,60,31,0,0,0,1,0,3/D
409,Chris Iannetta\iannech01,36,COL,NL,17,60,52,5,12,5,0,2,6,0,0,7,23,0.231,0.333,0.442,0.776,93,23,2,1,0,0,1,2
845,Pat Valaika\valaipa01,26,COL,NL,17,33,29,3,2,1,0,0,0,0,0,4,15,0.069,0.182,0.103,0.285,-25,3,0,0,0,0,0,/43D6
337,Jon Gray\grayjo02,27,COL,NL,11,25,21,0,2,0,0,0,0,0,0,1,10,0.095,0.136,0.095,0.232,-40,2,1,0,3,0,0,1
510,German Marquez\marquge01,24,COL,NL,10,23,21,1,4,1,0,0,6,0,0,0,5,0.19,0.19,0.238,0.429,7,5,1,0,2,0,0,1
289,Josh Fuentes\fuentjo01,26,COL,NL,9,18,18,2,2,0,0,0,0,0,0,0,8,0.111,0.111,0.111,0.222,-44,2,0,0,0,0,0,/35
126,Drew Butera\buterdr01,35,COL,NL,7,19,17,4,3,2,0,0,0,0,0,1,4,0.176,0.222,0.294,0.516,29,5,0,0,1,0,0,/23
705,Brendan Rodgers\rodgebr02,22,COL,NL,4,17,17,2,5,1,0,0,4,0,0,0,7,0.294,0.294,0.353,0.647,62,6,0,0,0,0,0,/4
750,Antonio Senzatela\senzaan01,24,COL,NL,8,16,14,0,0,0,0,0,0,0,0,0,9,0,0,0,0,-100,0,0,0,2,0,0,/1
209,Yonathan Daza\dazayo01,25,COL,NL,3,12,11,0,0,0,0,0,0,0,0,1,4,0,0.083,0,0.083,-76,0,0,0,0,0,0,/79
283,Kyle Freeland*\freelky01,26,COL,NL,8,13,8,0,1,0,0,0,0,0,0,2,4,0.125,0.3,0.125,0.425,14,1,0,0,3,0,0,1
38,Tyler Anderson*\anderty01,29,COL,NL,5,8,7,1,1,0,0,0,0,0,0,0,4,0.143,0.143,0.143,0.286,-27,1,1,0,1,0,0,/1
85,Chad Bettis\bettich01,30,COL,NL,11,7,4,0,0,0,0,0,0,0,0,1,2,0,0.2,0,0.2,-42,0,0,0,2,0,0,1
190,Noel Cuevas\cuevano01,27,COL,NL,1,2,2,0,0,0,0,0,0,0,0,0,0,0,0,0,0,-100,0,0,0,0,0,0,/7
396,Jeff Hoffman\hoffmje02,26,COL,NL,1,2,2,0,0,0,0,0,0,0,0,0,2,0,0,0,0,-100,0,0,0,0,0,0,/1
21,Yency Almonte#\almonye01,25,COL,NL,8,1,1,0,0,0,0,0,0,0,0,0,0,0,0,0,0,-100,0,0,0,0,0,0,/1
207,Wade Davis\daviswa01,33,COL,NL,15,0,0,0,0,0,0,0,0,0,0,0,0,,,,,,0,0,0,0,0,0,1
224,Jairo Diaz\diazja01,28,COL,NL,1,0,0,0,0,0,0,0,0,0,0,0,0,,,,,,0,0,0,0,0,0,/1
241,Mike Dunn*\dunnmi01,34,COL,NL,20,0,0,0,0,0,0,0,0,0,0,0,0,,,,,,0,0,0,0,0,0,1
256,Carlos Estevez\estevca01,26,COL,NL,21,0,0,0,0,0,0,0,0,0,0,0,0,,,,,,0,0,0,0,0,0,1
429,DJ Johnson*\johnsdj01,29,COL,NL,13,0,0,0,0,0,0,0,0,0,0,0,0,,,,,,0,0,0,0,0,0,1
535,Jake McGee*\mcgeeja01,32,COL,NL,3,0,0,0,0,0,0,0,0,0,0,0,0,,,,,,0,0,0,0,0,0,/1
576,Harrison Musgrave*\musgrha01,27,COL,NL,9,0,0,0,0,0,0,0,0,0,0,0,0,,,,,,0,0,0,0,0,0,1
599,Scott Oberg\obergsc01,29,COL,NL,15,0,0,0,0,0,0,0,0,0,0,0,0,,,,,,0,0,0,0,0,0,1
602,Seunghwan Oh\ohse01,36,COL,NL,16,0,0,0,0,0,0,0,0,0,0,0,0,,,,,,0,0,0,0,0,0,1
754,Bryan Shaw#\shawbr01,31,COL,NL,21,0,0,0,0,0,0,0,0,0,0,0,0,,,,,,0,0,0,0,0,0,1
144,Nicholas Castellanos\casteni01,27,DET,AL,45,197,182,29,48,14,3,4,13,1,1,13,48,0.264,0.315,0.44,0.754,98,80,0,1,0,1,0,*9/D
131,Miguel Cabrera\cabremi01,36,DET,AL,47,192,171,13,51,8,0,1,19,0,0,19,42,0.298,0.37,0.363,0.732,98,62,4,1,0,1,1,D3
327,Niko Goodrum#\goodrni01,27,DET,AL,43,174,150,20,32,9,1,3,13,3,2,21,43,0.213,0.31,0.347,0.657,76,52,2,1,0,2,0,73/8D94
137,Jeimer Candelario#\candeje01,25,DET,AL,38,165,146,17,28,6,1,2,9,1,1,18,46,0.192,0.285,0.288,0.573,54,42,0,1,0,0,1,*5/D
368,Josh Harrison\harrijo05,31,DET,AL,32,131,122,8,20,6,1,1,8,2,2,5,24,0.164,0.206,0.254,0.46,22,31,0,2,0,2,0,4/D
341,Grayson Greiner\greingr01,26,DET,AL,32,123,114,7,20,3,0,3,10,0,0,7,39,0.175,0.228,0.281,0.508,35,32,2,1,0,1,0,2
431,JaCoby Jones\jonesja07,27,DET,AL,36,123,110,11,19,3,0,4,7,2,0,8,39,0.173,0.252,0.309,0.561,49,34,4,4,0,1,0,*8
709,Ronny Rodriguez\rodriro03,27,DET,AL,29,116,107,15,28,9,3,6,19,2,1,6,32,0.262,0.293,0.57,0.863,122,61,2,0,0,3,0,6/435
789,Christin Stewart*\stewach02,25,DET,AL,29,112,97,7,20,8,1,3,15,0,0,12,28,0.206,0.295,0.402,0.697,84,39,1,1,0,2,2,7/D
389,John Hicks\hicksjo02,29,DET,AL,25,89,82,6,20,6,0,2,7,1,0,6,23,0.244,0.292,0.39,0.682,80,32,3,0,0,1,0,2/3
73,Gordon Beckham\beckhgo01,32,DET,AL,25,86,75,12,18,5,2,3,5,1,1,8,26,0.24,0.337,0.48,0.817,115,36,3,3,0,0,0,6/453D
545,Jordy Mercer\mercejo03,32,DET,AL,19,69,63,3,13,4,0,1,3,0,0,5,13,0.206,0.275,0.317,0.593,58,20,0,1,0,0,1,6
230,Brandon Dixon\dixonbr01,27,DET,AL,20,57,55,5,16,4,0,3,11,0,0,2,23,0.291,0.316,0.527,0.843,119,29,1,0,0,0,0,/D371
636,Dustin Peterson\peterdu01,24,DET,AL,17,47,44,3,10,4,0,0,6,1,0,2,14,0.227,0.277,0.318,0.595,59,14,1,1,0,0,0,/78D93
501,Mikie Mahtook\mahtomi01,29,DET,AL,9,25,23,0,0,0,0,0,0,0,0,2,11,0,0.08,0,0.08,-75,0,0,0,0,0,0,/8D7
148,Harold Castro*\castrha01,25,DET,AL,9,23,22,1,5,1,0,0,0,0,0,1,4,0.227,0.261,0.273,0.534,43,6,0,0,0,0,0,/4879
492,Dawel Lugo\lugoda01,24,DET,AL,6,22,19,1,2,0,0,1,4,0,0,1,4,0.105,0.182,0.263,0.445,17,5,1,1,0,1,0,/5
837,Spencer Turnbull\turnbsp01,26,DET,AL,1,3,3,0,0,0,0,0,0,0,0,0,3,0,0,0,0,-100,0,0,0,0,0,0,1
591,Daniel Norris*\norrida01,26,DET,AL,1,2,2,0,0,0,0,0,0,0,0,0,0,0,0,0,0,-100,0,0,0,0,0,0,1
690,Victor Reyes#\reyesvi01,24,DET,AL,1,1,1,0,1,0,0,0,0,0,0,0,0,1,1,1,2,438,1,0,0,0,0,0,
14,Victor Alcantara\alcanvi01,26,DET,AL,2,0,0,0,0,0,0,0,0,0,0,0,0,,,,,,0,0,0,0,0,0,1
259,Buck Farmer*\farmebu01,28,DET,AL,1,0,0,0,0,0,0,0,0,0,0,0,0,,,,,,0,0,0,0,0,0,1
339,Shane Greene\greensh02,30,DET,AL,1,0,0,0,0,0,0,0,0,0,0,0,0,,,,,,0,0,0,0,0,0,1
426,Joe Jimenez\jimenjo02,24,DET,AL,1,0,0,0,0,0,0,0,0,0,0,0,0,,,,,,0,0,0,0,0,0,1
682,Zac Reininger#\reiniza01,26,DET,AL,1,0,0,0,0,0,0,0,0,0,0,0,0,,,,,,0,0,0,0,0,0,1
799,Daniel Stumpf*\stumpda01,28,DET,AL,1,0,0,0,0,0,0,0,0,0,0,0,0,,,,,,0,0,0,0,0,0,1
858,Drew VerHagen\verhadr01,28,DET,AL,1,0,0,0,0,0,0,0,0,0,0,0,0,,,,,,0,0,0,0,0,0,1
150,Starlin Castro\castrst01,29,FLA,NL,47,195,181,12,41,2,0,3,12,1,0,12,23,0.227,0.272,0.287,0.559,58,52,11,0,0,2,0,*4
32,Brian Anderson\anderbr06,26,FLA,NL,46,198,175,9,40,8,0,4,16,3,0,20,46,0.229,0.308,0.343,0.651,83,60,1,1,0,2,0,59
713,Miguel Rojas\rojasmi02,30,FLA,NL,45,167,152,13,38,6,0,0,13,4,1,11,21,0.25,0.305,0.289,0.595,69,44,7,2,0,2,1,*6/34
16,Jorge Alfaro\alfarjo01,26,FLA,NL,38,143,131,14,32,2,0,6,13,1,2,8,52,0.244,0.308,0.397,0.705,96,52,3,4,0,0,0,*2/D
872,Neil Walker#\walkene01,33,FLA,NL,44,144,128,9,37,8,0,3,9,2,0,15,31,0.289,0.368,0.422,0.79,122,54,5,1,0,0,0,*3/D
336,Curtis Granderson*\grandcu01,38,FLA,NL,40,140,120,15,22,7,0,5,12,0,3,16,42,0.183,0.286,0.367,0.652,82,44,1,2,0,2,1,*7
660,Martin Prado\pradoma01,35,FLA,NL,36,118,112,13,28,5,0,1,10,0,0,4,18,0.25,0.271,0.321,0.593,66,36,2,0,0,2,0,3/5D
386,Rosell Herrera#\herrero02,26,FLA,NL,41,91,82,6,16,4,0,0,9,4,1,7,19,0.195,0.275,0.244,0.519,48,20,2,2,0,0,1,879/6
115,Lewis Brinson\brinsle01,25,FLA,NL,27,82,76,4,15,5,0,0,4,0,1,2,28,0.197,0.247,0.263,0.51,44,20,2,3,1,0,0,8
84,Jon Berti\bertijo01,29,FLA,NL,22,68,59,12,14,2,0,2,4,1,0,7,16,0.237,0.324,0.373,0.696,96,22,1,1,0,1,0,5/86
295,Isaac Galloway\gallois01,29,FLA,NL,19,54,54,6,9,1,0,0,1,2,0,0,17,0.167,0.167,0.185,0.352,-1,10,0,0,0,0,0,8/79
873,Chad Wallach\wallach01,27,FLA,NL,19,54,48,4,12,3,0,1,3,0,0,6,12,0.25,0.333,0.375,0.708,99,18,0,0,0,0,0,2
595,Peter O'Brien\obriepe01,28,FLA,NL,14,47,42,2,7,1,0,1,4,1,0,4,19,0.167,0.255,0.262,0.517,46,11,2,1,0,0,0,9/73
178,Garrett Cooper\coopega03,28,FLA,NL,13,47,41,4,7,0,0,2,7,0,0,4,13,0.171,0.277,0.317,0.594,67,13,2,2,0,0,0,9/3
696,JT Riddle*\riddljt01,27,FLA,NL,15,32,32,3,5,0,0,2,3,0,0,0,11,0.156,0.156,0.344,0.5,35,11,0,0,0,0,0,6
212,Austin Dean\deanau01,25,FLA,NL,8,31,30,3,6,3,0,1,6,0,0,0,9,0.2,0.194,0.4,0.594,61,12,1,0,0,1,0,/79
671,Harold Ramirez\ramirha02,24,FLA,NL,8,28,27,4,8,0,0,1,1,0,0,1,6,0.296,0.321,0.407,0.729,103,11,0,0,0,0,0,/789
762,Caleb Smith\smithca03,27,FLA,NL,9,18,16,0,1,0,0,0,1,0,0,0,7,0.063,0.063,0.063,0.125,-65,1,0,0,2,0,0,/1
13,Sandy Alcantara\alcansa01,23,FLA,NL,8,16,14,0,3,1,0,0,2,0,0,0,9,0.214,0.214,0.286,0.5,39,4,0,0,2,0,0,/1
694,Trevor Richards\richatr01,26,FLA,NL,9,17,14,0,1,0,0,0,0,0,0,1,9,0.071,0.133,0.071,0.205,-40,1,0,0,2,0,0,1
840,Jose Urena\urenajo01,27,FLA,NL,10,15,13,1,0,0,0,0,0,0,0,1,11,0,0.071,0,0.071,-77,0,1,0,1,0,0,1
483,Pablo Lopez*\lopezpa01,23,FLA,NL,9,13,12,0,3,0,0,0,0,0,0,0,5,0.25,0.25,0.25,0.5,42,3,0,0,1,0,0,/1
35,Nick Anderson\anderni01,28,FLA,NL,18,0,0,0,0,0,0,0,0,0,0,0,0,,,,,,0,0,0,0,0,0,1
114,Austin Brice\briceau01,27,FLA,NL,9,0,0,0,0,0,0,0,0,0,0,0,0,,,,,,0,0,0,0,0,0,1
163,Wei-Yin Chen\chenwe02,33,FLA,NL,10,0,0,0,0,0,0,0,0,0,0,0,0,,,,,,0,0,0,0,0,0,1
176,Adam Conley*\conlead01,29,FLA,NL,19,0,0,0,0,0,0,0,0,0,0,0,0,,,,,,0,0,0,0,0,0,1
303,Jarlin Garcia*\garcija04,26,FLA,NL,5,0,0,0,0,0,0,0,0,0,0,0,0,,,,,,0,0,0,0,0,0,/1
349,Tayron Guerrero\guerrta01,28,FLA,NL,18,0,0,0,0,0,0,0,0,0,0,0,0,,,,,,0,0,0,0,0,0,1
454,Tyler Kinley\kinlety01,28,FLA,NL,20,0,0,0,0,0,0,0,0,0,0,0,0,,,,,,0,0,0,0,0,0,1
666,Jose Quijada*\quijajo01,23,FLA,NL,3,0,0,0,0,0,0,0,0,0,0,0,0,,,,,,0,0,0,0,0,0,/1
715,Sergio Romo\romose01,36,FLA,NL,14,0,0,0,0,0,0,0,0,0,0,0,0,,,,,,0,0,0,0,0,0,1
785,Drew Steckenrider\steckdr01,28,FLA,NL,14,0,0,0,0,0,0,0,0,0,0,0,0,,,,,,0,0,0,0,0,0,1
106,Michael Brantley*\brantmi02,32,HOU,AL,50,211,195,29,64,14,0,10,34,3,2,14,20,0.328,0.374,0.554,0.928,146,108,9,1,0,1,1,*7D
778,George Springer\springe01,29,HOU,AL,47,212,182,41,57,9,1,17,42,4,1,25,45,0.313,0.396,0.654,1.05,176,119,3,2,0,3,0,*89D
182,Carlos Correa\correca01,24,HOU,AL,47,201,179,25,52,13,1,11,33,1,0,18,49,0.291,0.353,0.559,0.912,141,100,8,1,0,3,0,*6
353,Yuli Gurriel\gourryu01,35,HOU,AL,46,191,179,24,47,12,2,4,17,0,2,11,22,0.263,0.304,0.419,0.723,93,75,4,0,0,1,0,*3/54D
111,Alex Bregman\bregmal01,25,HOU,AL,49,215,173,32,46,6,0,15,35,2,1,35,32,0.266,0.391,0.561,0.951,153,97,4,3,0,4,0,*5/6D
679,Josh Reddick*\reddijo01,32,HOU,AL,44,177,157,22,52,8,0,4,14,2,1,16,22,0.331,0.386,0.459,0.845,128,72,4,0,0,3,1,*9/7D3
28,Jose Altuve\altuvjo01,29,HOU,AL,39,164,144,21,35,6,0,9,21,1,2,18,25,0.243,0.329,0.472,0.801,113,68,6,1,0,1,0,*4/D
164,Robinson Chirinos\chiriro01,35,HOU,AL,38,144,114,21,29,9,0,6,21,0,1,20,35,0.254,0.38,0.491,0.872,133,56,3,5,2,3,0,*2
508,Jake Marisnick\marisja01,28,HOU,AL,40,100,91,18,25,6,1,5,11,3,2,5,32,0.275,0.333,0.527,0.861,127,48,3,3,1,0,0,*8/D
885,Tyler White\whitety01,28,HOU,AL,30,103,90,8,21,5,0,1,6,0,0,12,34,0.233,0.32,0.322,0.643,75,29,3,0,0,1,0,D3/1
221,Aledmys Diaz\diazal02,28,HOU,AL,29,99,89,13,24,3,1,5,22,0,0,6,11,0.27,0.303,0.494,0.797,110,44,5,0,0,4,0,4/3657D
445,Tony Kemp*\kempto01,27,HOU,AL,29,80,71,13,17,2,2,2,5,2,1,6,14,0.239,0.304,0.408,0.712,90,29,1,1,1,1,0,/78D4
784,Max Stassi\stassma01,28,HOU,AL,17,57,52,3,9,0,0,1,3,0,0,4,18,0.173,0.246,0.231,0.476,31,12,0,1,0,0,0,2/3
264,Derek Fisher*\fishede01,25,HOU,AL,2,1,1,0,0,0,0,0,0,0,0,0,0,0,0,0,0,-100,0,0,0,0,0,0,/79
546,Whit Merrifield\merriwh01,30,KCR,AL,49,222,202,38,59,14,6,6,23,8,5,17,34,0.292,0.351,0.51,0.861,128,103,3,2,0,1,2,49/8D3
556,Adalberto Mondesi#\mondera02,23,KCR,AL,48,213,195,28,56,10,7,5,40,17,3,12,56,0.287,0.321,0.487,0.808,113,95,3,0,1,5,0,*6/D
773,Jorge Soler\solerjo01,27,KCR,AL,49,202,185,22,46,12,0,11,31,0,1,13,63,0.249,0.302,0.492,0.794,108,91,6,2,0,2,0,9D
329,Alex Gordon*\gordoal01,35,KCR,AL,46,201,167,31,48,14,0,8,34,3,0,21,27,0.287,0.388,0.515,0.903,140,86,3,9,0,4,2,*7
236,Hunter Dozier\doziehu01,27,KCR,AL,45,189,159,23,48,9,3,10,29,1,1,25,37,0.302,0.397,0.585,0.982,159,93,3,2,0,3,1,5D/3
596,Ryan O'Hearn*\ohearry01,25,KCR,AL,41,159,135,15,24,6,1,4,16,0,1,22,38,0.178,0.296,0.326,0.622,68,44,3,1,0,1,1,*3/D
608,Chris Owings\owingch01,27,KCR,AL,38,138,128,9,18,4,1,2,9,4,1,8,49,0.141,0.203,0.234,0.437,18,30,1,2,0,0,0,45/8961
360,Billy Hamilton#\hamilbi02,28,KCR,AL,40,142,125,19,28,4,2,0,5,9,4,14,31,0.224,0.3,0.288,0.588,60,36,1,0,2,1,0,*8
503,Martin Maldonado\maldoma01,32,KCR,AL,38,138,119,12,24,4,0,1,3,0,0,14,25,0.202,0.307,0.261,0.567,56,31,3,4,1,0,0,*2
354,Kelvin Gutierrez\gutieke01,24,KCR,AL,15,60,57,4,16,1,1,1,11,1,0,2,18,0.281,0.3,0.386,0.686,83,22,1,0,0,1,0,5/D
292,Cam Gallagher\gallaca01,26,KCR,AL,16,52,48,5,6,0,0,0,2,0,0,3,7,0.125,0.176,0.125,0.301,-16,6,2,0,1,0,0,2
238,Lucas Duda*\dudalu01,33,KCR,AL,18,56,46,3,8,1,0,2,8,0,0,9,13,0.174,0.304,0.326,0.63,70,15,1,0,0,1,1,D/3
482,Nicky Lopez*\lopezni01,24,KCR,AL,8,38,33,5,10,3,0,0,1,0,0,5,5,0.303,0.395,0.394,0.789,114,13,1,0,0,0,0,/4
331,Terrance Gore\gorete01,28,KCR,AL,19,27,26,6,10,1,1,0,1,5,4,1,7,0.385,0.407,0.5,0.907,143,13,0,0,0,0,0,/798D
746,Frank Schwindel\schwifr01,27,KCR,AL,6,15,15,0,1,0,0,0,0,0,0,0,2,0.067,0.067,0.067,0.133,-64,1,0,0,0,0,0,/3
439,Brad Keller\kellebr01,23,KCR,AL,1,4,3,0,0,0,0,0,0,0,0,0,2,0,0,0,0,-100,0,0,0,1,0,0,1
59,Homer Bailey\baileho02,33,KCR,AL,1,1,1,0,0,0,0,0,0,0,0,0,0,0,0,0,0,-100,0,0,0,0,0,0,1
61,Scott Barlow\barlosc01,26,KCR,AL,1,0,0,0,0,0,0,0,0,0,0,0,0,,,,,,0,0,0,0,0,0,1
101,Brad Boxberger\boxbebr01,31,KCR,AL,2,0,0,0,0,0,0,0,0,0,0,0,0,,,,,,0,0,0,0,0,0,1
481,Jorge Lopez\lopezjo02,26,KCR,AL,1,0,0,0,0,0,0,0,0,0,0,0,0,,,,,,0,0,0,0,0,0,1
487,Richard Lovelady*\lovelri01,23,KCR,AL,1,0,0,0,0,0,0,0,0,0,0,0,0,,,,,,0,0,0,0,0,0,1
532,Kevin McCarthy\mccarke01,27,KCR,AL,1,0,0,0,0,0,0,0,0,0,0,0,0,,,,,,0,0,0,0,0,0,/1
629,Wily Peralta\peralwi01,30,KCR,AL,1,0,0,0,0,0,0,0,0,0,0,0,0,,,,,,0,0,0,0,0,0,1
777,Glenn Sparkman#\sparkgl01,27,KCR,AL,2,0,0,0,0,0,0,0,0,0,0,0,0,,,,,,0,0,0,0,0,0,/1
78,Cody Bellinger*\bellico01,23,LAD,NL,48,203,170,43,67,10,1,17,44,7,3,29,29,0.394,0.478,0.765,1.243,229,130,2,1,0,3,5,*93
747,Corey Seager*\seageco01,25,LAD,NL,48,194,169,28,39,11,0,4,20,1,0,21,40,0.231,0.32,0.367,0.686,86,62,2,2,0,2,1,*6
838,Justin Turner\turneju01,34,LAD,NL,46,193,163,22,46,6,0,6,23,0,0,20,28,0.282,0.378,0.429,0.808,119,70,6,7,0,3,0,*5
382,Enrique Hernandez\hernaen02,27,LAD,NL,46,178,158,21,35,5,1,7,22,0,0,17,46,0.222,0.298,0.399,0.696,87,63,1,1,0,2,1,*4/8796
571,Max Muncy*\muncyma01,28,LAD,NL,49,182,156,25,42,4,1,10,30,3,0,24,48,0.269,0.363,0.5,0.863,131,78,1,0,0,2,1,*345
622,Joc Pederson*\pederjo01,27,LAD,NL,44,157,132,30,30,2,2,14,25,0,0,18,31,0.227,0.344,0.591,0.935,147,78,1,6,0,1,0,*7
857,Alex Verdugo*\verdual01,23,LAD,NL,48,144,132,17,41,10,2,4,23,2,0,10,16,0.311,0.361,0.508,0.869,132,67,2,1,0,1,0,*89/7
819,Chris Taylor\tayloch03,28,LAD,NL,46,133,118,9,24,6,1,3,17,3,0,12,34,0.203,0.28,0.347,0.628,69,41,2,1,1,1,1,746/8
62,Austin Barnes\barneau01,29,LAD,NL,38,130,111,17,25,5,0,4,12,2,0,15,25,0.225,0.331,0.378,0.709,92,42,5,3,0,1,3,*2
654,A.J. Pollock\polloaj01,31,LAD,NL,28,115,103,15,23,3,1,2,14,0,1,9,23,0.223,0.287,0.33,0.617,67,34,3,1,0,2,1,8
286,David Freese\freesda01,36,LAD,NL,35,84,67,13,15,5,0,3,10,0,0,17,19,0.224,0.381,0.433,0.814,121,29,3,0,0,0,0,3/5D
518,Russell Martin\martiru01,36,LAD,NL,18,62,50,10,13,2,0,2,3,0,0,8,13,0.26,0.387,0.42,0.807,119,21,0,3,0,1,1,2/1
499,Kenta Maeda\maedake01,31,LAD,NL,9,23,19,2,5,2,0,0,2,0,0,0,3,0.263,0.263,0.368,0.632,69,7,0,0,4,0,0,/1
122,Walker Buehler\buehlwa01,24,LAD,NL,9,19,18,1,1,0,0,1,1,0,0,0,9,0.056,0.056,0.222,0.278,-30,4,0,0,1,0,0,/1
725,Hyun-Jin Ryu\ryuhy01,32,LAD,NL,10,24,17,1,1,0,0,0,0,0,0,2,10,0.059,0.158,0.059,0.217,-37,1,0,0,5,0,0,/1
291,Rocky Gale\galero01,31,LAD,NL,5,15,15,1,2,0,0,0,0,0,0,0,7,0.133,0.133,0.133,0.267,-27,2,1,0,0,0,0,/2
448,Clayton Kershaw*\kershcl01,31,LAD,NL,6,16,14,0,0,0,0,0,0,0,0,0,3,0,0,0,0,-100,0,0,0,2,0,0,/1
72,Matt Beaty*\beatyma01,26,LAD,NL,7,13,13,0,3,0,0,0,1,0,0,0,3,0.231,0.231,0.231,0.462,26,3,0,0,0,0,0,/3D
797,Ross Stripling\stripro01,29,LAD,NL,10,13,10,1,1,0,0,0,0,0,0,1,4,0.1,0.182,0.1,0.282,-20,1,1,0,2,0,0,1
393,Rich Hill*\hillri01,39,LAD,NL,4,8,6,0,1,0,0,0,0,0,0,1,3,0.167,0.286,0.167,0.452,28,1,0,0,1,0,0,/1
788,Brock Stewart*\stewabr01,27,LAD,NL,3,3,3,1,1,1,0,0,0,0,0,0,0,0.333,0.333,0.667,1,161,2,0,0,0,0,0,/1
842,Julio Urias*\uriasju01,22,LAD,NL,9,8,3,0,1,0,0,0,1,0,0,1,1,0.333,0.5,0.333,0.833,134,1,0,0,4,0,0,/1
738,Dennis Santana\santade01,23,LAD,NL,3,2,2,0,1,0,0,0,0,0,0,0,0,0.5,0.5,0.5,1,173,1,0,0,0,0,0,/1
195,Travis d'Arnaud\darnatr01,30,LAD,NL,1,1,1,0,0,0,0,0,0,0,0,0,0,0,0,0,0,-100,0,0,0,0,0,0,
308,Kyle Garlick\garliky01,27,LAD,NL,1,1,1,0,0,0,0,0,0,0,0,0,0,0,0,0,0,-100,0,0,0,0,0,0,
420,Kenley Jansen#\janseke01,31,LAD,NL,20,1,1,0,0,0,0,0,0,0,0,0,1,0,0,0,0,-100,0,0,0,0,0,0,1
442,Joe Kelly\kellyjo05,31,LAD,NL,17,2,1,0,0,0,0,0,0,0,0,0,1,0,0,0,0,-100,0,0,0,1,0,0,1
15,Scott Alexander*\alexasc02,29,LAD,NL,21,0,0,0,0,0,0,0,0,0,0,0,0,,,,,,0,0,0,0,0,0,1
58,Pedro Baez\baezpe01,31,LAD,NL,21,0,0,0,0,0,0,0,0,0,0,0,0,,,,,,0,0,0,0,0,0,1
159,JT Chargois#\chargjt01,28,LAD,NL,2,0,0,0,0,0,0,0,0,0,0,0,0,,,,,,0,0,0,0,0,0,/1
263,Caleb Ferguson\ferguca01,22,LAD,NL,15,0,0,0,0,0,0,0,0,0,0,0,0,,,,,,0,0,0,0,0,0,1
269,Dylan Floro*\florody01,28,LAD,NL,18,0,0,0,0,0,0,0,0,0,0,0,0,,,,,,0,0,0,0,0,0,1
306,Yimi Garcia\garciyi01,28,LAD,NL,19,0,0,0,0,0,0,0,0,0,0,0,0,,,,,,0,0,0,0,0,0,1
744,Jaime Schultz\schulja02,28,LAD,NL,3,0,0,0,0,0,0,0,0,0,0,0,0,,,,,,0,0,0,0,0,0,/1
133,Lorenzo Cain\cainlo01,33,MIL,NL,48,224,203,33,55,16,0,4,19,5,3,16,35,0.271,0.33,0.409,0.739,95,83,7,3,0,2,0,*8
569,Mike Moustakas*\moustmi01,30,MIL,NL,45,194,177,30,46,12,0,12,30,3,0,15,37,0.26,0.325,0.531,0.856,122,94,7,2,0,0,0,45
44,Orlando Arcia\arciaor01,24,MIL,NL,50,185,169,17,43,5,1,4,17,2,3,16,37,0.254,0.319,0.367,0.686,82,62,7,0,0,0,2,*6
913,Christian Yelich*\yelicch01,27,MIL,NL,44,191,157,40,51,7,0,19,41,9,0,30,34,0.325,0.44,0.732,1.172,203,115,4,3,0,1,11,*9/78D
109,Ryan Braun\braunry02,35,MIL,NL,46,170,154,23,42,5,0,9,30,4,1,13,40,0.273,0.337,0.481,0.818,114,74,4,2,0,0,0,*7/D
335,Yasmani Grandal#\grandya01,30,MIL,NL,45,182,151,24,40,3,1,9,25,3,0,27,40,0.265,0.374,0.477,0.85,124,72,2,1,0,3,1,*2/3
755,Travis Shaw*\shawtr01,29,MIL,NL,40,154,135,11,22,4,0,4,8,0,0,17,50,0.163,0.266,0.281,0.548,46,38,5,2,0,0,2,*5/43
8,Jesus Aguilar\aguilje01,29,MIL,NL,45,153,125,12,25,4,0,3,22,0,0,21,33,0.2,0.313,0.304,0.617,66,38,8,1,0,3,0,*3/5
297,Ben Gamel*\gamelbe01,27,MIL,NL,46,130,111,19,30,6,0,2,11,1,1,15,39,0.27,0.369,0.378,0.748,100,42,0,3,0,1,2,*79/8
824,Eric Thames*\thameer01,32,MIL,NL,48,125,101,18,24,4,0,5,20,1,1,21,44,0.238,0.376,0.426,0.802,113,43,0,2,0,1,0,3/9D
632,Hernan Perez\perezhe01,28,MIL,NL,35,94,89,10,22,3,0,4,8,2,1,5,27,0.247,0.287,0.416,0.703,84,37,2,0,0,0,0,4/67951
645,Manny Pina\pinama01,32,MIL,NL,23,50,45,3,6,2,0,1,2,0,0,3,14,0.133,0.22,0.244,0.464,23,11,1,2,0,0,0,2
395,Keston Hiura\hiurake01,22,MIL,NL,8,36,33,3,9,0,0,2,2,0,0,1,13,0.273,0.333,0.455,0.788,107,15,0,2,0,0,0,/4
907,Brandon Woodruff*\woodrbr01,26,MIL,NL,12,25,24,1,8,2,0,0,2,0,0,1,11,0.333,0.36,0.417,0.777,106,10,0,0,0,0,0,1
199,Zach Davies\davieza02,26,MIL,NL,11,21,20,1,3,1,0,0,1,0,0,1,9,0.15,0.19,0.2,0.39,4,4,0,0,0,0,0,1
155,Jhoulys Chacin\chacijh01,31,MIL,NL,9,14,13,2,3,0,0,1,1,0,0,1,6,0.231,0.286,0.462,0.747,94,6,0,0,0,0,0,1
627,Freddy Peralta\peralfr01,23,MIL,NL,7,10,10,1,2,0,0,0,1,0,0,0,4,0.2,0.2,0.2,0.4,7,2,0,0,0,0,0,/1
33,Chase Anderson\anderch01,31,MIL,NL,7,7,7,0,0,0,0,0,0,0,0,0,5,0,0,0,0,-100,0,0,0,0,0,0,/1
325,Gio Gonzalez\gonzagi01,33,MIL,NL,5,9,7,0,0,0,0,0,0,0,0,1,6,0,0.125,0,0.125,-62,0,0,0,1,0,0,/1
125,Corbin Burnes\burneco01,24,MIL,NL,12,7,6,0,2,0,0,0,0,0,0,0,1,0.333,0.333,0.333,0.667,78,2,0,0,1,0,0,1
592,Jacob Nottingham\nottija01,24,MIL,NL,3,3,3,1,2,0,0,1,4,0,0,0,0,0.667,0.667,1.667,2.333,489,5,0,0,0,0,0,/23
348,Junior Guerra\guerrju02,34,MIL,NL,20,2,2,0,0,0,0,0,0,0,0,0,2,0,0,0,0,-100,0,0,0,0,0,0,1
404,Adrian Houser\housead01,26,MIL,NL,7,2,2,0,0,0,0,0,0,0,0,0,2,0,0,0,0,-100,0,0,0,0,0,0,/1
727,Tyler Saladino\saladty01,29,MIL,NL,2,2,2,0,0,0,0,0,0,0,0,0,1,0,0,0,0,-100,0,0,0,0,0,0,/7
358,Josh Hader*\haderjo01,25,MIL,NL,19,1,1,0,0,0,0,0,0,0,0,0,0,0,0,0,0,-100,0,0,0,0,0,0,1
369,Donnie Hart*\hartdo01,28,MIL,NL,4,1,1,0,0,0,0,0,0,0,0,0,0,0,0,0,0,-100,0,0,0,0,0,0,/1
761,Burch Smith\smithbu03,29,MIL,NL,3,1,1,0,0,0,0,0,0,0,0,0,1,0,0,0,0,-100,0,0,0,0,0,0,/1
889,Aaron Wilkerson\wilkeaa01,30,MIL,NL,3,1,1,1,1,0,0,1,2,0,0,0,0,1,1,4,5,1131,4,0,0,0,0,0,/1
893,Taylor Williams#\willita01,27,MIL,NL,6,1,1,0,0,0,0,0,0,0,0,0,1,0,0,0,0,-100,0,0,0,0,0,0,/1
10,Matt Albers*\alberma01,36,MIL,NL,19,0,0,0,0,0,0,0,0,0,0,0,0,,,,,,0,0,0,0,0,0,1
63,Jacob Barnes\barneja01,29,MIL,NL,15,0,0,0,0,0,0,0,0,0,0,0,0,,,,,,0,0,0,0,0,0,1
172,Alex Claudio*\claudal01,27,MIL,NL,25,0,0,0,0,0,0,0,0,0,0,0,0,,,,,,0,0,0,0,0,0,1
417,Jay Jackson\jacksja01,31,MIL,NL,3,0,0,0,0,0,0,0,0,0,0,0,0,,,,,,0,0,0,0,0,0,/1
421,Jeremy Jeffress\jeffrje01,31,MIL,NL,14,0,0,0,0,0,0,0,0,0,0,0,0,,,,,,0,0,0,0,0,0,1
639,Jake Petricka\petrija01,31,MIL,NL,5,0,0,0,0,0,0,0,0,0,0,0,0,,,,,,0,0,0,0,0,0,/1
896,Alex Wilson\wilsoal01,32,MIL,NL,11,0,0,0,0,0,0,0,0,0,0,0,0,,,,,,0,0,0,0,0,0,1
718,Eddie Rosario*\rosared01,27,MIN,AL,47,199,188,33,51,6,0,14,39,2,0,9,28,0.271,0.302,0.527,0.828,116,99,6,0,0,2,0,*7/8D
653,Jorge Polanco#\polanjo01,25,MIN,AL,47,209,186,31,64,14,5,9,26,1,1,21,31,0.344,0.411,0.618,1.03,172,115,2,1,0,1,0,*6/D
447,Max Kepler*\keplema01,26,MIN,AL,44,198,173,31,45,10,0,10,25,1,3,20,28,0.26,0.338,0.491,0.83,119,85,2,2,0,3,0,*9/8
743,Jonathan Schoop\schoojo01,27,MIN,AL,44,173,163,25,44,12,0,10,29,0,0,5,37,0.27,0.312,0.528,0.84,120,86,3,5,0,0,0,*4/D
188,C.J. Cron\croncj01,29,MIN,AL,45,180,162,26,45,7,0,13,30,0,0,13,37,0.278,0.339,0.562,0.901,136,91,1,3,0,2,0,*3/D
326,Marwin Gonzalez#\gonzama01,30,MIN,AL,41,167,151,20,37,5,0,5,16,1,0,15,40,0.245,0.317,0.377,0.695,86,57,1,1,0,0,0,*5/379D
128,Byron Buxton\buxtoby01,25,MIN,AL,46,163,149,25,39,18,2,4,24,8,3,13,38,0.262,0.325,0.49,0.815,115,73,1,1,0,0,1,*8/D
189,Nelson Cruz\cruzne02,38,MIN,AL,35,144,126,19,34,9,0,7,22,0,0,14,40,0.27,0.354,0.508,0.862,128,64,5,3,0,1,1,D
49,Willians Astudillo\astudwi01,27,MIN,AL,24,87,80,12,21,6,0,2,9,0,0,2,3,0.263,0.276,0.413,0.688,82,33,5,1,0,4,0,/2359D7
311,Mitch Garver\garvemi01,28,MIN,AL,25,91,79,20,26,4,1,9,19,0,0,11,20,0.329,0.418,0.747,1.164,203,59,1,1,0,0,0,2/D
7,Ehire Adrianza#\adriaeh01,29,MIN,AL,30,90,74,11,15,1,0,3,8,0,0,10,15,0.203,0.315,0.338,0.652,76,25,1,3,0,2,0,5/6439
149,Jason Castro*\castrja01,32,MIN,AL,24,81,68,18,16,4,0,7,17,0,0,11,20,0.235,0.358,0.603,0.961,151,41,0,2,0,0,0,2
151,Jake Cave*\caveja01,26,MIN,AL,18,49,41,4,9,2,0,0,3,0,0,7,13,0.22,0.347,0.268,0.615,70,11,1,1,0,0,0,9/7D
735,Miguel Sano\sanomi01,26,MIN,AL,6,28,25,8,6,2,0,4,8,0,0,2,10,0.24,0.286,0.8,1.086,175,20,0,0,0,1,0,/5D
46,Luis Arraez*\arraelu01,22,MIN,AL,5,19,15,4,7,1,0,1,2,0,0,3,0,0.467,0.526,0.733,1.26,234,11,0,0,0,1,0,/45D6
51,Tyler Austin\austity01,27,MIN,AL,2,5,4,1,1,1,0,0,0,0,0,1,3,0.25,0.4,0.5,0.9,141,2,0,0,0,0,0,/3
83,Jose Berrios\berrijo01,25,MIN,AL,1,2,2,0,0,0,0,0,0,0,0,0,2,0,0,0,0,-100,0,0,0,0,0,0,1
647,Michael Pineda\pinedmi01,30,MIN,AL,1,2,2,0,0,0,0,0,0,0,0,0,0,0,0,0,0,-100,0,0,0,0,0,0,1
316,Kyle Gibson\gibsoky01,31,MIN,AL,1,2,1,0,0,0,0,0,0,0,0,0,1,0,0,0,0,-100,0,0,0,1,0,0,/1
633,Martin Perez*\perezma02,28,MIN,AL,2,1,1,1,0,0,0,0,0,0,0,0,0,0,0,0,0,-100,0,0,0,0,0,0,1
210,Chase De Jong*\dejonch01,25,MIN,AL,1,0,0,0,0,0,0,0,0,0,0,0,0,,,,,,0,0,0,0,0,0,/1
367,Ryne Harper\harpery01,30,MIN,AL,3,0,0,0,0,0,0,0,0,0,0,0,0,,,,,,0,0,0,0,0,0,1
392,Trevor Hildenberger\hildetr01,28,MIN,AL,4,0,0,0,0,0,0,0,0,0,0,0,0,,,,,,0,0,0,0,0,0,1
525,Trevor May\maytr01,29,MIN,AL,4,0,0,0,0,0,0,0,0,0,0,0,0,,,,,,0,0,0,0,0,0,1
541,Adalberto Mejia\mejiaad01,26,MIN,AL,3,0,0,0,0,0,0,0,0,0,0,0,0,,,,,,0,0,0,0,0,0,1
601,Jake Odorizzi\odorija01,29,MIN,AL,2,1,0,0,0,0,0,0,0,0,0,0,0,,,,,,0,0,0,1,0,0,1
615,Blake Parker\parkebl01,34,MIN,AL,2,0,0,0,0,0,0,0,0,0,0,0,0,,,,,,0,0,0,0,0,0,1
712,Taylor Rogers*\rogerta01,28,MIN,AL,2,0,0,0,0,0,0,0,0,0,0,0,0,,,,,,0,0,0,0,0,0,1
849,Andrew Vasquez*\vasquan02,25,MIN,AL,1,0,0,0,0,0,0,0,0,0,0,0,0,,,,,,0,0,0,0,0,0,/1
717,Amed Rosario\rosaram01,23,NYM,NL,46,191,180,15,46,6,3,4,26,4,2,11,49,0.256,0.298,0.389,0.687,91,70,4,0,0,0,1,*6
23,Pete Alonso\alonspe01,24,NYM,NL,49,201,176,30,44,8,1,16,37,0,0,18,58,0.25,0.333,0.58,0.913,149,102,4,5,0,2,0,*3
139,Robinson Cano*\canoro01,36,NYM,NL,45,181,170,15,41,13,0,3,13,0,0,10,36,0.241,0.287,0.371,0.658,83,63,6,1,0,0,0,*4
539,Jeff McNeil*\mcneije01,27,NYM,NL,46,189,165,20,55,13,1,2,15,0,4,16,20,0.333,0.418,0.461,0.879,146,76,2,8,0,0,2,*754/9
175,Michael Conforto*\confomi01,26,NYM,NL,42,180,144,27,39,9,0,9,21,3,0,30,39,0.271,0.406,0.521,0.926,157,75,2,4,0,2,2,*9
676,Wilson Ramos\ramoswi01,31,NYM,NL,45,158,140,20,35,4,0,2,25,0,0,16,30,0.25,0.329,0.321,0.651,84,45,5,1,0,1,4,*2
588,Brandon Nimmo*\nimmobr01,26,NYM,NL,43,161,130,20,26,7,0,3,14,1,0,26,48,0.2,0.344,0.323,0.667,89,42,1,3,1,1,1,*78/9
202,J.D. Davis\davisjd01,26,NYM,NL,41,125,113,16,32,6,0,5,14,0,0,12,29,0.283,0.352,0.469,0.821,127,53,1,0,0,0,0,5/7
466,Juan Lagares\lagarju01,30,NYM,NL,44,101,89,14,18,3,0,2,12,2,1,8,30,0.202,0.28,0.303,0.583,64,27,2,2,1,1,2,*8
282,Todd Frazier\frazito01,33,NYM,NL,25,79,73,5,16,2,1,2,8,1,1,4,26,0.219,0.278,0.356,0.635,76,26,2,2,0,0,0,5
118,Keon Broxton\broxtke01,29,NYM,NL,34,53,49,5,7,1,0,0,2,4,1,4,22,0.143,0.208,0.163,0.371,6,8,1,0,0,0,0,7/89
763,Dominic Smith*\smithdo02,24,NYM,NL,39,50,41,12,13,3,0,1,6,0,0,8,9,0.317,0.44,0.463,0.903,154,19,1,1,0,0,0,3
587,Tomas Nido\nidoto01,25,NYM,NL,11,29,29,1,5,1,0,1,4,0,0,0,11,0.172,0.172,0.31,0.483,31,9,1,0,0,0,0,2
194,Travis d'Arnaud\darnatr01,30,NYM,NL,10,25,23,2,2,0,0,0,2,0,0,2,5,0.087,0.16,0.087,0.247,-28,2,1,0,0,0,0,/2
884,Zack Wheeler*\wheelza01,29,NYM,NL,10,23,23,4,6,1,0,1,3,0,0,0,9,0.261,0.261,0.435,0.696,90,10,0,0,0,0,0,1
813,Noah Syndergaard*\syndeno01,26,NYM,NL,10,25,22,4,3,0,0,2,2,0,0,2,15,0.136,0.208,0.409,0.617,67,9,0,0,1,0,0,1
213,Jacob deGrom*\degroja01,31,NYM,NL,10,20,20,1,5,1,0,1,2,0,0,0,7,0.25,0.25,0.45,0.7,90,9,0,0,0,0,0,1
373,Adeiny Hechavarria\hechaad01,30,NYM,NL,11,22,20,3,3,1,0,0,0,1,0,2,4,0.15,0.227,0.2,0.427,22,4,0,0,0,0,0,/465
351,Luis Guillorme*\guilllu01,24,NYM,NL,11,19,18,3,3,0,0,0,0,0,0,1,6,0.167,0.211,0.167,0.377,8,3,0,0,0,0,0,/46
322,Carlos Gomez\gomezca01,33,NYM,NL,7,20,16,4,3,1,0,1,4,1,0,3,5,0.188,0.35,0.438,0.788,119,7,2,1,0,0,0,/98
524,Steven Matz\matzst01,28,NYM,NL,10,16,15,0,2,0,0,0,0,0,0,0,5,0.133,0.133,0.133,0.267,-25,2,0,0,1,0,0,/1
848,Jason Vargas*\vargaja01,36,NYM,NL,7,10,8,0,0,0,0,0,0,0,0,0,4,0,0,0,0,-100,0,0,0,2,0,0,/1
274,Wilmer Font\fontwi01,29,NYM,NL,3,4,3,0,1,0,0,0,0,0,0,0,2,0.333,0.333,0.333,0.667,88,1,0,0,1,0,0,/1
290,Drew Gagnon\gagnodr01,29,NYM,NL,8,4,3,0,1,0,0,0,0,0,0,0,0,0.333,0.333,0.333,0.667,88,1,1,0,1,0,0,/1
205,Rajai Davis\davisra01,38,NYM,NL,2,2,2,1,1,0,0,1,3,0,0,0,0,0.5,0.5,2,2.5,550,4,0,0,0,0,0,/7
267,Chris Flexen\flexech01,24,NYM,NL,2,2,2,0,1,0,0,0,0,0,0,0,0,0.5,0.5,0.5,1,182,1,0,0,0,0,0,/1
605,Corey Oswalt\oswalco01,25,NYM,NL,2,3,1,0,0,0,0,0,1,0,0,0,1,0,0,0,0,-100,0,0,0,1,1,0,/1
753,Paul Sewald\sewalpa01,29,NYM,NL,4,1,1,0,0,0,0,0,0,0,0,0,0,0,0,0,0,-100,0,0,0,0,0,0,/1
55,Luis Avilan*\avilalu01,29,NYM,NL,11,0,0,0,0,0,0,0,0,0,0,0,0,,,,,,0,0,0,0,0,0,1
68,Tyler Bashlor\bashlty01,26,NYM,NL,8,0,0,0,0,0,0,0,0,0,0,0,0,,,,,,0,0,0,0,0,0,/1
222,Edwin Diaz\diazed04,25,NYM,NL,21,0,0,0,0,0,0,0,0,0,0,0,0,,,,,,0,0,0,0,0,0,1
258,Jeurys Familia\familje01,29,NYM,NL,19,0,0,0,0,0,0,0,0,0,0,0,0,,,,,,0,0,0,0,0,0,1
345,Robert Gsellman\gsellro01,25,NYM,NL,22,1,0,0,0,0,0,0,0,0,0,1,0,,1,,,,0,0,0,0,0,0,1
493,Seth Lugo\lugose01,29,NYM,NL,19,0,0,0,0,0,0,0,0,0,0,0,0,,,,,,0,0,0,0,0,0,1
598,Ryan O'Rourke\orourry01,31,NYM,NL,2,0,0,0,0,0,0,0,0,0,0,0,0,,,,,,0,0,0,0,0,0,/1
637,Tim Peterson\peterti01,28,NYM,NL,5,0,0,0,0,0,0,0,0,0,0,0,0,,,,,,0,0,0,0,0,0,/1
693,Jacob Rhame\rhameja01,26,NYM,NL,3,0,0,0,0,0,0,0,0,0,0,0,0,,,,,,0,0,0,0,0,0,/1
898,Justin Wilson*\wilsoju10,31,NYM,NL,10,0,0,0,0,0,0,0,0,0,0,0,0,,,,,,0,0,0,0,0,0,1
915,Daniel Zamora*\zamorda01,26,NYM,NL,9,0,0,0,0,0,0,0,0,0,0,0,0,,,,,,0,0,0,0,0,0,/1
830,Gleyber Torres\torregl01,22,NYY,AL,47,195,179,29,54,11,0,12,26,3,0,12,41,0.302,0.345,0.564,0.91,137,101,4,1,1,2,1,*6/4
864,Luke Voit\voitlu01,28,NYY,AL,48,213,179,33,47,7,0,12,35,0,0,28,51,0.263,0.376,0.503,0.878,132,90,8,5,0,1,1,3D
471,DJ LeMahieu\lemahdj01,30,NYY,AL,45,193,173,31,56,10,0,4,25,2,0,14,25,0.324,0.375,0.451,0.826,120,78,2,2,1,3,0,*45/3
307,Brett Gardner*\gardnbr01,35,NYY,AL,46,185,163,28,37,9,2,7,18,5,2,19,24,0.227,0.314,0.436,0.749,97,71,3,2,0,1,0,*8/7D
732,Gary Sanchez\sanchga02,26,NYY,AL,33,137,123,20,34,2,1,15,31,0,0,11,35,0.276,0.35,0.675,1.025,164,83,1,3,0,0,1,2/D
281,Clint Frazier\frazicl01,24,NYY,AL,33,128,120,16,31,4,0,9,24,0,0,6,34,0.258,0.289,0.517,0.806,108,62,0,0,0,2,1,97/D
844,Gio Urshela\urshegi01,27,NYY,AL,39,128,117,16,39,10,0,2,19,1,0,7,21,0.333,0.383,0.47,0.853,126,55,3,3,0,1,0,*5
818,Mike Tauchman*\tauchmi01,28,NYY,AL,34,108,95,16,20,7,0,4,13,1,0,13,33,0.211,0.306,0.411,0.716,89,39,5,0,0,0,0,*79/8
434,Aaron Judge\judgeaa01,27,NYY,AL,20,89,73,13,21,2,0,5,11,2,1,14,26,0.288,0.404,0.521,0.925,145,38,2,1,0,1,1,9/D
714,Austin Romine\rominau01,30,NYY,AL,21,73,71,7,14,2,0,1,9,0,0,1,15,0.197,0.208,0.268,0.476,26,19,2,0,1,0,0,2
526,Cameron Maybin\maybica01,32,NYY,AL,22,67,56,10,14,2,0,1,4,3,2,11,17,0.25,0.373,0.339,0.712,93,19,2,0,0,0,0,97
867,Tyler Wade*\wadety01,24,NYY,AL,20,59,49,8,10,0,0,0,5,5,0,7,18,0.204,0.316,0.204,0.52,44,10,0,1,2,0,0,4/7596
41,Miguel Andujar\andujmi01,24,NYY,AL,12,49,47,1,6,0,0,0,1,0,0,1,11,0.128,0.143,0.128,0.271,-27,6,4,0,0,1,0,/D5
257,Thairo Estrada\estrath01,23,NYY,AL,18,43,40,8,12,2,0,3,9,2,0,2,11,0.3,0.333,0.575,0.908,135,23,1,0,1,0,0,/467
90,Greg Bird*\birdgr01,26,NYY,AL,10,41,35,6,6,0,0,1,1,0,0,6,16,0.171,0.293,0.257,0.55,49,9,1,0,0,0,0,3
275,Mike Ford*\fordmi01,26,NYY,AL,10,37,28,6,5,1,0,1,2,0,0,8,10,0.179,0.378,0.321,0.7,91,9,0,1,0,0,2,/3D
388,Aaron Hicks#\hicksaa01,29,NYY,AL,7,33,26,5,5,0,0,1,4,0,0,6,10,0.192,0.333,0.308,0.641,74,8,0,0,0,1,0,/8
562,Kendrys Morales#\moralke01,36,NYY,AL,6,27,23,2,4,0,0,1,4,0,0,4,2,0.174,0.296,0.304,0.601,61,7,1,0,0,0,0,/D3
391,Kyle Higashioka\higasky01,29,NYY,AL,4,16,15,2,3,2,0,0,1,0,0,0,6,0.2,0.188,0.333,0.521,35,5,1,0,0,1,0,/2
836,Troy Tulowitzki\tulowtr01,34,NYY,AL,5,13,11,1,2,1,0,1,1,0,0,2,4,0.182,0.308,0.545,0.853,121,6,1,0,0,0,0,/6
783,Giancarlo Stanton\stantmi03,29,NYY,AL,3,15,8,1,2,0,0,0,0,0,0,7,4,0.25,0.6,0.25,0.85,143,2,0,0,0,0,0,/7
315,Domingo German\germado01,26,NYY,AL,1,3,3,0,0,0,0,0,0,0,0,0,3,0,0,0,0,-100,0,0,0,0,0,0,1
365,J.A. Happ*\happja01,36,NYY,AL,2,4,3,1,0,0,0,0,0,0,0,0,0,0,0,0,0,-100,0,0,0,1,0,0,1
620,James Paxton*\paxtoja01,30,NYY,AL,1,3,2,0,0,0,0,0,0,0,0,0,2,0,0,0,0,-100,0,0,0,1,0,0,/1
726,CC Sabathia*\sabatc.01,38,NYY,AL,1,2,2,0,0,0,0,0,0,0,0,0,2,0,0,0,0,-100,0,0,0,0,0,0,/1
154,Luis Cessa\cessalu01,27,NYY,AL,2,1,1,0,0,0,0,0,0,0,0,0,1,0,0,0,0,-100,0,0,0,0,0,0,1
815,Masahiro Tanaka\tanakma01,30,NYY,AL,1,1,1,0,0,0,0,0,0,0,0,0,0,0,0,0,0,-100,0,0,0,0,0,0,1
117,Zack Britton*\brittza01,31,NYY,AL,2,0,0,0,0,0,0,0,0,0,0,0,0,,,,,,0,0,0,0,0,0,1
157,Aroldis Chapman*\chapmar01,31,NYY,AL,2,0,0,0,0,0,0,0,0,0,0,0,0,,,,,,0,0,0,0,0,0,1
371,Joe Harvey\harvejo01,27,NYY,AL,1,0,0,0,0,0,0,0,0,0,0,0,0,,,,,,0,0,0,0,0,0,/1
397,Jonathan Holder\holdejo02,26,NYY,AL,2,0,0,0,0,0,0,0,0,0,0,0,0,,,,,,0,0,0,0,0,0,1
436,Tommy Kahnle\kahnlto01,29,NYY,AL,3,0,0,0,0,0,0,0,0,0,0,0,0,,,,,,0,0,0,0,0,0,1
607,Adam Ottavino#\ottavad01,33,NYY,AL,2,0,0,0,0,0,0,0,0,0,0,0,0,,,,,,0,0,0,0,0,0,1
749,Marcus Semien\semiema01,28,OAK,AL,51,232,202,31,54,12,1,5,22,4,3,29,38,0.267,0.358,0.411,0.769,111,83,5,0,0,1,1,*6
649,Stephen Piscotty\piscost01,28,OAK,AL,49,218,194,23,50,10,1,5,22,1,0,21,47,0.258,0.332,0.397,0.729,100,77,6,1,1,1,0,*9/D
158,Matt Chapman\chapmma01,26,OAK,AL,50,217,187,29,49,12,1,11,28,0,1,25,35,0.262,0.355,0.513,0.868,135,96,3,3,0,2,0,*5
469,Ramon Laureano\laurera01,24,OAK,AL,50,192,177,26,42,7,0,5,15,3,1,11,55,0.237,0.292,0.362,0.653,79,64,1,3,0,1,0,*8
662,Jurickson Profar#\profaju01,26,OAK,AL,46,188,170,21,34,5,1,7,26,3,0,13,26,0.2,0.271,0.365,0.636,73,62,4,4,0,1,1,*4/3
204,Khris Davis\daviskh01,31,OAK,AL,43,173,157,23,39,3,0,12,29,0,0,15,42,0.248,0.318,0.497,0.815,119,78,2,1,0,0,3,*D/7
344,Robbie Grossman#\grossro01,29,OAK,AL,41,149,127,18,28,7,1,3,14,5,1,21,27,0.22,0.329,0.362,0.691,90,46,3,0,0,1,0,*7/8
646,Chad Pinder\pindech01,27,OAK,AL,41,137,127,19,34,8,0,5,16,0,1,6,25,0.268,0.307,0.449,0.755,104,57,2,2,0,2,0,74/593D6
641,Josh Phegley\phegljo01,31,OAK,AL,39,123,116,18,32,8,0,5,28,0,0,5,23,0.276,0.317,0.474,0.791,113,55,3,2,0,0,0,*2
561,Kendrys Morales#\moralke01,36,OAK,AL,34,126,108,9,22,1,1,1,7,0,0,14,20,0.204,0.31,0.259,0.569,60,28,3,3,0,1,0,3/D1
138,Mark Canha\canhama01,30,OAK,AL,26,81,67,13,15,2,0,7,14,0,2,11,16,0.224,0.346,0.567,0.913,145,38,0,2,0,1,0,3/D879
604,Matt Olson*\olsonma02,25,OAK,AL,17,71,61,10,15,3,0,4,5,0,0,8,16,0.246,0.352,0.492,0.844,129,30,1,2,0,0,1,3
408,Nick Hundley\hundlni01,35,OAK,AL,26,62,59,5,14,3,1,2,5,0,1,2,15,0.237,0.274,0.424,0.698,88,25,6,1,0,0,0,2
97,Skye Bolt#\boltsk01,25,OAK,AL,3,4,4,0,1,1,0,0,0,0,0,0,2,0.25,0.25,0.5,0.75,98,2,0,0,0,0,0,/8
31,Brett Anderson*\anderbr04,31,OAK,AL,1,3,3,0,2,0,0,0,0,0,0,0,0,0.667,0.667,0.667,1.333,270,2,0,0,0,0,0,1
69,Chris Bassitt\bassich01,30,OAK,AL,1,2,2,0,0,0,0,0,0,0,0,0,2,0,0,0,0,-100,0,0,0,0,0,0,/1
557,Frankie Montas\montafr02,26,OAK,AL,1,2,1,0,0,0,0,0,0,0,0,1,0,0,0.5,0,0.5,58,0,0,0,0,0,0,1
638,Yusmeiro Petit\petityu01,34,OAK,AL,2,1,1,0,0,0,0,0,0,0,0,0,0,0,0,0,0,-100,0,1,0,0,0,0,1
67,Franklin Barreto\barrefr02,23,OAK,AL,1,0,0,0,0,0,0,0,0,0,0,0,0,,,,,,0,0,0,0,0,0,
121,Ryan Buchter*\buchtry01,32,OAK,AL,2,0,0,0,0,0,0,0,0,0,0,0,0,,,,,,0,0,0,0,0,0,1
378,Liam Hendriks\hendrli01,30,OAK,AL,2,0,0,0,0,0,0,0,0,0,0,0,0,,,,,,0,0,0,0,0,0,1
706,Fernando Rodney\rodnefe01,42,OAK,AL,2,0,0,0,0,0,0,0,0,0,0,0,0,,,,,,0,0,0,0,0,0,1
774,Joakim Soria\soriajo01,35,OAK,AL,1,0,0,0,0,0,0,0,0,0,0,0,0,,,,,,0,0,0,0,0,0,1
833,Lou Trivino\trivilo01,27,OAK,AL,1,0,0,0,0,0,0,0,0,0,0,0,0,,,,,,0,0,0,0,0,0,1
882,J.B. Wendelken\wendejb01,26,OAK,AL,1,0,0,0,0,0,0,0,0,0,0,0,0,,,,,,0,0,0,0,0,0,1
533,Andrew McCutchen\mccutan01,32,PHI,NL,49,222,185,35,48,10,1,7,24,2,1,37,47,0.259,0.383,0.438,0.821,118,81,0,0,0,0,0,*78/D
366,Bryce Harper*\harpebr03,26,PHI,NL,50,221,183,31,43,13,0,9,32,1,0,36,66,0.235,0.367,0.454,0.82,116,83,2,2,0,0,5,*9/D
380,Cesar Hernandez#\hernace02,29,PHI,NL,49,202,181,22,55,12,2,4,21,3,1,17,28,0.304,0.366,0.459,0.825,118,83,5,2,0,2,1,*4
402,Rhys Hoskins\hoskirh01,26,PHI,NL,49,218,177,27,45,9,1,11,38,0,1,36,56,0.254,0.385,0.503,0.888,134,89,3,3,0,2,0,*3
279,Maikel Franco\francma02,26,PHI,NL,49,193,175,23,39,10,0,7,28,0,0,17,24,0.223,0.29,0.4,0.69,81,70,8,0,0,1,9,*5/3
678,J.T. Realmuto\realmjt01,28,PHI,NL,47,191,172,31,47,11,0,7,31,2,1,13,39,0.273,0.33,0.459,0.789,107,79,5,3,0,3,1,*2/D
748,Jean Segura\segurje01,29,PHI,NL,40,178,166,33,54,12,2,5,22,3,1,10,24,0.325,0.371,0.512,0.883,131,85,4,2,0,0,0,*6
385,Odubel Herrera*\herreod01,27,PHI,NL,36,130,119,12,26,9,1,1,16,1,1,9,29,0.218,0.277,0.336,0.613,62,40,0,1,0,1,0,*8
892,Nick Williams*\willini01,25,PHI,NL,38,65,61,7,11,2,0,1,4,0,0,2,18,0.18,0.231,0.262,0.493,31,16,1,2,0,0,0,7/9
452,Scott Kingery\kingesc01,25,PHI,NL,19,51,47,7,17,6,0,2,6,2,0,2,11,0.362,0.412,0.617,1.029,168,29,0,2,0,0,0,/64587
332,Phil Gosselin\gosseph01,30,PHI,NL,22,40,40,2,10,3,0,0,6,0,0,0,8,0.25,0.25,0.325,0.575,51,13,1,0,0,0,0,/675
459,Andrew Knapp#\knappan01,27,PHI,NL,24,50,38,5,6,2,0,0,0,0,0,12,13,0.158,0.36,0.211,0.571,58,8,1,0,0,0,1,2/3
26,Aaron Altherr\altheaa01,28,PHI,NL,22,30,29,2,1,1,0,0,1,0,0,1,9,0.034,0.067,0.069,0.136,-64,2,1,0,0,0,0,/8971
710,Sean Rodriguez\rodrise01,34,PHI,NL,12,33,28,5,8,3,0,1,4,0,0,3,7,0.286,0.375,0.5,0.875,130,14,1,1,1,0,0,/6547
667,Roman Quinn#\quinnro01,26,PHI,NL,7,27,25,1,3,0,0,0,1,0,0,2,14,0.12,0.185,0.12,0.305,-16,3,0,0,0,0,0,/8
47,Jake Arrieta\arrieja01,33,PHI,NL,9,21,18,1,2,0,0,0,1,0,0,0,8,0.111,0.111,0.111,0.222,-40,2,0,0,3,0,0,1
589,Aaron Nola\nolaaa01,26,PHI,NL,11,23,18,3,1,0,0,0,1,0,0,3,8,0.056,0.19,0.056,0.246,-29,1,0,0,2,0,0,1
248,Zach Eflin\eflinza01,25,PHI,NL,9,17,17,1,3,0,0,0,1,0,0,0,11,0.176,0.176,0.176,0.353,-5,3,0,0,0,0,0,1
852,Vince Velasquez\velasvi01,27,PHI,NL,7,10,8,0,1,0,0,0,0,0,0,1,0,0.125,0.222,0.125,0.347,-4,1,0,0,1,0,0,/1
249,Jerad Eickhoff\eickhje01,28,PHI,NL,7,12,7,0,0,0,0,0,0,0,0,1,4,0,0.125,0,0.125,-62,0,0,0,4,0,0,/1
650,Nick Pivetta\pivetni01,26,PHI,NL,4,7,7,0,0,0,0,0,0,0,0,0,6,0,0,0,0,-100,0,0,0,0,0,0,/1
413,Cole Irvin*\irvinco01,25,PHI,NL,2,4,3,1,1,0,0,0,0,0,0,1,1,0.333,0.5,0.333,0.833,129,1,0,0,0,0,0,/1
586,Juan Nicasio\nicasju01,32,PHI,NL,17,2,2,0,0,0,0,0,0,0,0,0,1,0,0,0,0,-100,0,0,0,0,0,0,1
870,Mitch Walding*\waldimi01,26,PHI,NL,2,2,2,0,0,0,0,0,0,0,0,0,2,0,0,0,0,-100,0,0,0,0,0,0,
34,Drew Anderson\anderdr02,25,PHI,NL,2,1,1,0,0,0,0,0,0,0,0,0,1,0,0,0,0,-100,0,0,0,0,0,0,/1
184,Dylan Cozens*\cozendy01,25,PHI,NL,1,1,1,0,0,0,0,0,0,0,0,0,0,0,0,0,0,-100,0,0,0,0,0,0,
231,Seranthony Dominguez\dominse01,24,PHI,NL,21,1,1,0,0,0,0,0,0,0,0,0,1,0,0,0,0,-100,0,0,0,0,0,0,1
30,Jose Alvarez*\alvarjo02,30,PHI,NL,19,0,0,0,0,0,0,0,0,0,0,0,0,,,,,,0,0,0,0,0,0,1
42,Victor Arano\aranovi01,24,PHI,NL,3,0,0,0,0,0,0,0,0,0,0,0,0,,,,,,0,0,0,0,0,0,/1
200,Austin Davis*\davisau01,26,PHI,NL,4,0,0,0,0,0,0,0,0,0,0,0,0,,,,,,0,0,0,0,0,0,/1
211,Enyel De Los Santos\delosen01,23,PHI,NL,3,0,0,0,0,0,0,0,0,0,0,0,0,,,,,,0,0,0,0,0,0,/1
301,Edgar Garcia\garcied01,22,PHI,NL,7,0,0,0,0,0,0,0,0,0,0,0,0,,,,,,0,0,0,0,0,0,/1
565,Adam Morgan*\morgaad01,29,PHI,NL,23,0,0,0,0,0,0,0,0,0,0,0,0,,,,,,0,0,0,0,0,0,1
581,Hector Neris\nerishe01,30,PHI,NL,20,0,0,0,0,0,0,0,0,0,0,0,0,,,,,,0,0,0,0,0,0,1
582,Pat Neshek#\neshepa01,38,PHI,NL,19,0,0,0,0,0,0,0,0,0,0,0,0,,,,,,0,0,0,0,0,0,1
675,Edubray Ramos\ramosed02,26,PHI,NL,11,0,0,0,0,0,0,0,0,0,0,0,0,,,,,,0,0,0,0,0,0,1
701,David Robertson\roberda08,34,PHI,NL,7,0,0,0,0,0,0,0,0,0,0,0,0,,,,,,0,0,0,0,0,0,/1
77,Josh Bell#\belljo02,26,PIT,NL,47,201,177,35,60,15,2,16,47,0,1,21,44,0.339,0.408,0.718,1.125,199,127,3,1,0,2,4,*3/D
280,Adam Frazier*\fraziad01,27,PIT,NL,43,189,174,24,43,8,1,2,11,2,2,12,25,0.247,0.303,0.339,0.642,76,59,1,2,1,0,0,*4
512,Starling Marte\martest01,30,PIT,NL,37,172,164,26,40,9,2,5,19,8,1,3,32,0.244,0.275,0.415,0.689,85,68,4,4,1,0,0,*8
130,Melky Cabrera#\cabreme01,34,PIT,NL,45,147,138,14,46,9,0,3,15,2,0,8,16,0.333,0.37,0.464,0.834,127,64,3,0,1,0,2,*97/D
563,Colin Moran*\moranco01,26,PIT,NL,44,126,114,9,29,5,0,4,22,0,0,11,31,0.254,0.317,0.404,0.721,96,46,2,0,0,1,1,5/437
153,Francisco Cervelli\cervefr01,33,PIT,NL,33,122,108,11,20,3,0,1,5,1,0,9,31,0.185,0.273,0.241,0.513,43,26,4,4,1,0,0,2/3
437,Jung Ho Kang\kangju01,32,PIT,NL,31,98,90,6,12,3,0,4,8,0,0,8,31,0.133,0.204,0.3,0.504,36,27,2,0,0,0,0,5/6
652,Gregory Polanco*\polangr01,27,PIT,NL,23,99,90,16,25,5,1,5,13,0,1,8,19,0.278,0.343,0.522,0.866,132,47,3,1,0,0,0,9/D
691,Bryan Reynolds#\reynobr01,24,PIT,NL,27,89,81,9,26,8,0,4,12,0,0,8,19,0.321,0.382,0.568,0.95,155,46,0,0,0,0,0,7/8
835,Cole Tucker#\tuckeco01,22,PIT,NL,26,86,80,8,13,3,0,2,5,0,0,5,27,0.163,0.212,0.275,0.487,32,22,1,0,1,0,1,6
223,Elias Diaz\diazel01,28,PIT,NL,19,64,61,7,16,1,0,0,3,0,0,3,10,0.262,0.297,0.279,0.576,59,17,1,0,0,0,0,2
585,Kevin Newman\newmake01,25,PIT,NL,21,60,53,4,18,4,1,0,6,1,0,6,13,0.34,0.417,0.453,0.869,138,24,0,1,0,0,1,6/457
324,Erik Gonzalez\gonzaer01,27,PIT,NL,16,59,51,2,11,2,1,0,2,3,0,6,13,0.216,0.298,0.294,0.592,64,15,1,0,2,0,3,6
757,JB Shuck*\shuckja01,32,PIT,NL,27,57,47,4,10,0,1,0,2,1,1,8,10,0.213,0.339,0.255,0.595,67,12,0,1,1,0,0,9/78D1
689,Pablo Reyes\reyespa01,25,PIT,NL,23,42,39,5,5,0,0,0,3,0,0,3,14,0.128,0.19,0.128,0.319,-10,5,0,0,0,0,0,9/7486
515,Jason Martin*\martija03,23,PIT,NL,17,38,35,3,8,2,0,0,2,2,0,3,10,0.229,0.289,0.286,0.575,59,10,0,0,0,0,0,7/8
250,Jake Elmore\elmorja01,32,PIT,NL,9,17,17,0,1,0,0,0,0,0,0,0,3,0.059,0.059,0.059,0.118,-68,1,0,0,0,0,0,/54
577,Joe Musgrove\musgrjo01,26,PIT,NL,13,19,16,0,1,0,0,0,0,0,0,2,9,0.063,0.167,0.063,0.229,-33,1,0,0,1,0,0,1
495,Jordan Lyles\lylesjo01,28,PIT,NL,8,16,15,1,1,0,0,0,2,0,0,0,10,0.067,0.125,0.067,0.192,-45,1,1,1,0,0,0,/1
894,Trevor Williams\willitr01,27,PIT,NL,8,16,14,0,2,0,0,0,2,0,0,1,7,0.143,0.2,0.143,0.343,-3,2,0,0,1,0,0,/1
227,Corey Dickerson*\dickeco01,30,PIT,NL,4,16,13,1,2,1,0,1,2,0,0,3,3,0.154,0.313,0.462,0.774,108,6,1,0,0,0,0,/7
43,Chris Archer\archech01,30,PIT,NL,7,12,11,0,1,0,0,0,0,0,0,0,6,0.091,0.091,0.091,0.182,-50,1,0,0,1,0,0,/1
779,Jacob Stallings\stallja01,29,PIT,NL,4,11,11,1,3,0,0,0,0,0,0,0,3,0.273,0.273,0.273,0.545,50,3,0,0,0,0,0,/2
814,Jameson Taillon\taillja01,27,PIT,NL,6,11,8,0,2,0,0,0,0,0,0,0,3,0.25,0.25,0.25,0.5,38,2,0,0,3,0,0,/1
108,Steven Brault*\braulst01,27,PIT,NL,6,7,6,0,1,0,0,0,0,0,0,0,1,0.167,0.167,0.167,0.333,-8,1,1,0,1,0,0,/1
453,Nick Kingham\kinghni01,27,PIT,NL,10,5,4,0,0,0,0,0,0,0,0,1,3,0,0.2,0,0.2,-38,0,0,0,0,0,0,1
243,Montana DuRapau\durapmo01,27,PIT,NL,7,1,1,0,0,0,0,0,0,0,0,0,0,0,0,0,0,-100,0,0,0,0,0,0,/1
400,Clay Holmes\holmecl01,26,PIT,NL,3,1,1,0,0,0,0,0,0,0,0,0,0,0,0,0,0,-100,0,0,0,0,0,0,/1
477,Francisco Liriano*\liriafr01,35,PIT,NL,21,2,1,0,1,0,0,0,0,0,0,1,0,1,1,1,2,452,1,0,0,0,0,0,1
497,Tyler Lyons*\lyonsty01,31,PIT,NL,3,1,1,0,0,0,0,0,0,0,0,0,0,0,0,0,0,-100,0,0,0,0,0,0,/1
796,Chris Stratton\stratch01,28,PIT,NL,3,1,1,0,0,0,0,0,0,0,0,0,1,0,0,0,0,-100,0,0,0,0,0,0,/1
851,Felipe Vazquez*\riverfe01,27,PIT,NL,17,1,1,0,0,0,0,0,0,0,0,0,0,0,0,0,0,-100,0,0,0,0,0,0,1
124,Nick Burdi\burdini01,26,PIT,NL,10,0,0,0,0,0,0,0,0,0,0,0,0,,,,,,0,0,0,0,0,0,1
187,Kyle Crick*\crickky01,26,PIT,NL,14,0,0,0,0,0,0,0,0,0,0,0,0,,,,,,0,0,0,0,0,0,1
262,Michael Feliz\felizmi01,26,PIT,NL,10,0,0,0,0,0,0,0,0,0,0,0,0,,,,,,0,0,0,0,0,0,1
370,Geoff Hartlieb\hartlge01,25,PIT,NL,3,0,0,0,0,0,0,0,0,0,0,0,0,,,,,,0,0,0,0,0,0,/1
438,Keone Kela\kelake01,26,PIT,NL,12,0,0,0,0,0,0,0,0,0,0,0,0,,,,,,0,0,0,0,0,0,1
583,Dovydas Neverauskas\neverdo01,26,PIT,NL,3,0,0,0,0,0,0,0,0,0,0,0,0,,,,,,0,0,0,0,0,0,/1
708,Richard Rodriguez\rodriri05,29,PIT,NL,19,0,0,0,0,0,0,0,0,0,0,0,0,,,,,,0,0,0,0,0,0,1
403,Eric Hosmer*\hosmeer01,29,SDP,NL,49,203,186,25,53,9,0,7,28,0,0,15,43,0.285,0.34,0.446,0.786,115,83,3,1,0,1,1,*3
498,Manny Machado\machama01,26,SDP,NL,49,205,180,24,48,6,0,9,26,1,1,20,43,0.267,0.346,0.45,0.796,118,81,7,3,0,2,2,56
687,Franmil Reyes\reyesfr01,23,SDP,NL,50,173,159,22,41,6,0,15,27,0,0,11,45,0.258,0.301,0.579,0.879,135,92,2,0,0,3,0,*9
578,Wil Myers\myerswi01,28,SDP,NL,48,164,149,22,34,6,0,7,15,4,3,15,61,0.228,0.299,0.409,0.708,93,61,7,0,0,0,0,*78/35
455,Ian Kinsler\kinslia01,37,SDP,NL,42,146,136,15,25,6,0,5,9,1,2,9,25,0.184,0.24,0.338,0.578,57,46,3,1,0,0,0,*4
684,Hunter Renfroe\renfrhu01,27,SDP,NL,45,144,136,16,31,9,1,11,23,2,0,7,38,0.228,0.264,0.551,0.815,116,75,3,0,0,1,0,*79
507,Manuel Margot\margoma01,24,SDP,NL,46,126,121,12,29,5,0,2,10,4,0,4,29,0.24,0.264,0.331,0.595,63,40,1,0,1,0,0,*8
374,Austin Hedges\hedgeau01,26,SDP,NL,34,119,109,8,21,2,0,4,9,0,0,7,33,0.193,0.261,0.321,0.582,60,35,2,3,0,0,1,*2
817,Fernando Tatis Jr.\tatisfe02,20,SDP,NL,27,111,100,14,30,5,1,6,13,6,2,8,32,0.3,0.36,0.55,0.91,146,55,2,2,0,1,0,6
302,Greg Garcia*\garcigr01,29,SDP,NL,35,85,72,14,19,6,0,1,7,0,1,12,21,0.264,0.365,0.389,0.754,109,28,0,0,0,1,0,4/563
278,Ty France\francty01,24,SDP,NL,23,73,65,6,13,2,1,2,9,0,1,4,17,0.2,0.274,0.354,0.628,72,23,3,3,0,1,0,5
542,Francisco Mejia#\mejiafr01,23,SDP,NL,19,58,54,2,9,3,1,0,3,0,0,2,18,0.167,0.207,0.259,0.466,28,14,2,1,0,1,0,2/7
843,Luis Urias\uriaslu01,22,SDP,NL,11,29,24,2,2,1,0,0,0,0,0,4,11,0.083,0.241,0.125,0.366,6,3,3,1,0,0,0,/456
226,Alex Dickerson*\dickeal01,29,SDP,NL,12,19,19,1,3,0,0,0,2,0,0,0,7,0.158,0.158,0.158,0.316,-12,3,0,0,0,0,0,/7
181,Franchy Cordero*\cordefr02,24,SDP,NL,9,20,15,2,5,1,0,0,1,1,0,4,7,0.333,0.45,0.4,0.85,138,6,0,0,0,1,0,/89
468,Eric Lauer\lauerer01,24,SDP,NL,10,18,15,0,0,0,0,0,0,0,0,0,11,0,0,0,0,-100,0,0,0,3,0,0,1
18,Austin Allen*\allenau01,25,SDP,NL,7,15,14,1,2,0,0,0,1,0,0,1,4,0.143,0.2,0.143,0.343,-3,2,1,0,0,0,0,/2
490,Joey Lucchesi*\lucchjo01,26,SDP,NL,9,16,14,0,0,0,0,0,0,0,0,1,11,0,0.067,0,0.067,-79,0,0,0,1,0,0,/1
610,Chris Paddack\paddach01,23,SDP,NL,9,15,14,0,0,0,0,0,0,0,0,0,8,0,0,0,0,-100,0,0,0,1,0,0,/1
792,Matt Strahm\strahma01,27,SDP,NL,9,16,14,1,3,2,0,0,0,0,0,0,9,0.214,0.214,0.357,0.571,54,5,0,0,2,0,0,/1
506,Nick Margevicius*\margeni01,23,SDP,NL,9,14,12,1,3,0,0,0,0,0,0,0,6,0.25,0.25,0.25,0.5,39,3,0,0,2,0,0,/1
648,Jose Pirela\pireljo01,29,SDP,NL,2,5,5,0,0,0,0,0,0,0,0,0,3,0,0,0,0,-100,0,1,0,0,0,0,/7
665,Cal Quantrill*\quantca01,24,SDP,NL,3,5,5,0,0,0,0,0,0,0,0,0,0,0,0,0,0,-100,0,0,0,0,0,0,/1
54,Pedro Avila\avilape01,22,SDP,NL,1,2,1,0,0,0,0,0,0,0,0,0,0,0,0,0,0,-100,0,0,0,1,0,0,/1
253,Robbie Erlin\erlinro01,28,SDP,NL,14,1,1,0,0,0,0,0,0,0,0,0,0,0,0,0,0,-100,0,0,0,0,0,0,1
523,Phil Maton\matonph01,26,SDP,NL,12,1,1,0,0,0,0,0,0,0,0,0,0,0,0,0,0,-100,0,0,0,0,0,0,1
688,Gerardo Reyes\reyesge01,26,SDP,NL,7,1,1,0,0,0,0,0,0,0,0,0,1,0,0,0,0,-100,0,0,0,0,0,0,/1
887,Brad Wieck*\wieckbr01,27,SDP,NL,18,1,1,0,0,0,0,0,0,0,0,0,0,0,0,0,0,-100,0,0,0,0,0,0,1
903,Matt Wisler\wislema01,26,SDP,NL,10,1,1,0,0,0,0,0,0,0,0,0,0,0,0,0,0,-100,0,0,0,0,0,0,1
486,Aaron Loup*\loupaa01,31,SDP,NL,4,0,0,0,0,0,0,0,0,0,0,0,0,,,,,,0,0,0,0,0,0,/1
631,Luis Perdomo\perdolu02,26,SDP,NL,5,0,0,0,0,0,0,0,0,0,0,0,0,,,,,,0,0,0,0,0,0,/1
781,Craig Stammen\stammcr01,35,SDP,NL,24,0,0,0,0,0,0,0,0,0,0,0,0,,,,,,0,0,0,0,0,0,1
790,Robert Stock*\stockro01,29,SDP,NL,7,0,0,0,0,0,0,0,0,0,0,0,0,,,,,,0,0,0,0,0,0,/1
876,Adam Warren\warread01,31,SDP,NL,20,0,0,0,0,0,0,0,0,0,0,0,0,,,,,,0,0,0,0,0,0,1
899,Trey Wingenter\wingetr01,25,SDP,NL,18,0,0,0,0,0,0,0,0,0,0,0,0,,,,,,0,0,0,0,0,0,1
912,Kirby Yates*\yateski01,32,SDP,NL,24,0,0,0,0,0,0,0,0,0,0,0,0,,,,,,0,0,0,0,0,0,1
363,Mitch Haniger\hanigmi01,28,SEA,AL,50,228,198,40,46,13,1,12,26,4,0,24,65,0.232,0.325,0.49,0.814,121,97,2,4,0,2,1,*98/D
739,Domingo Santana\santado01,26,SEA,AL,49,218,196,23,52,12,1,8,38,4,1,18,62,0.265,0.332,0.459,0.791,115,90,6,2,0,1,0,*7/9
251,Edwin Encarnacion\encared01,36,SEA,AL,48,209,173,36,44,6,0,13,34,0,1,29,37,0.254,0.368,0.514,0.883,140,89,1,4,0,3,0,*3D/4
372,Ryon Healy\healyry01,27,SEA,AL,47,187,169,24,40,16,0,7,26,0,0,13,40,0.237,0.289,0.456,0.744,101,77,1,1,0,4,0,*53
330,Dee Gordon*\gordode01,31,SEA,AL,45,173,160,16,45,3,1,3,19,12,2,7,25,0.281,0.31,0.369,0.679,87,59,2,1,2,3,0,*4/D
74,Tim Beckham\beckhti01,29,SEA,AL,44,171,158,22,41,12,0,9,26,1,3,12,50,0.259,0.316,0.506,0.822,122,80,2,1,0,0,0,*6/547
119,Jay Bruce*\bruceja01,32,SEA,AL,41,161,146,21,28,8,0,12,26,0,0,12,49,0.192,0.255,0.493,0.748,99,72,1,1,0,2,0,93/7D
580,Omar Narvaez*\narvaom01,27,SEA,AL,41,154,137,25,42,4,0,8,20,0,0,15,30,0.307,0.377,0.511,0.888,142,70,0,1,0,1,0,*2/4
862,Daniel Vogelbach*\vogelda01,26,SEA,AL,43,163,132,29,34,7,0,14,30,0,0,29,36,0.258,0.393,0.629,1.021,175,83,1,1,0,1,0,*D/3
766,Mallex Smith*\smithma05,26,SEA,AL,33,132,118,17,20,1,2,2,6,8,1,12,40,0.169,0.25,0.263,0.513,42,31,0,1,0,1,0,8/D
575,Tom Murphy\murphto04,28,SEA,AL,17,56,53,3,15,3,0,2,4,0,0,3,25,0.283,0.321,0.453,0.774,111,24,0,0,0,0,0,2/17
559,Dylan Moore\mooredy01,26,SEA,AL,29,60,52,7,11,3,0,2,5,2,1,5,23,0.212,0.317,0.385,0.701,93,20,3,3,0,0,0,5/647D1
186,J.P. Crawford*\crawfjp01,24,SEA,AL,12,47,45,6,11,3,0,1,3,0,1,2,14,0.244,0.277,0.378,0.654,78,17,0,0,0,0,0,6
92,Braden Bishop\bishobr01,25,SEA,AL,8,20,20,1,2,0,0,0,2,0,0,0,7,0.1,0.1,0.1,0.2,-44,2,0,0,0,0,0,/8
479,Shed Long*\longsh01,23,SEA,AL,5,18,16,0,2,1,0,0,0,0,1,2,5,0.125,0.222,0.188,0.41,16,3,1,0,0,0,0,/4
804,Ichiro Suzuki*\suzukic01,45,SEA,AL,2,6,5,0,0,0,0,0,0,0,0,1,1,0,0.167,0,0.167,-47,0,0,0,0,0,0,/9
287,David Freitas\freitda01,30,SEA,AL,1,4,2,1,0,0,0,0,1,0,0,1,0,0,0.25,0,0.25,-20,0,0,0,0,1,0,/2
383,Felix Hernandez\hernafe02,33,SEA,AL,1,2,2,0,0,0,0,0,0,0,0,0,1,0,0,0,0,-100,0,0,0,0,0,0,/1
807,Erik Swanson\swanser01,25,SEA,AL,1,2,2,0,0,0,0,0,0,0,0,0,1,0,0,0,0,-100,0,0,0,0,0,0,/1
103,Chasen Bradford\bradfch02,29,SEA,AL,1,0,0,0,0,0,0,0,0,0,0,0,0,,,,,,0,0,0,0,0,0,1
112,Brandon Brennan\brennbr01,27,SEA,AL,1,0,0,0,0,0,0,0,0,0,0,0,0,,,,,,0,0,0,0,0,0,1
313,Cory Gearrin\gearrco01,33,SEA,AL,1,0,0,0,0,0,0,0,0,0,0,0,0,,,,,,0,0,0,0,0,0,1
239,Steven Duggar*\duggast01,25,SFG,NL,46,199,183,19,44,7,2,3,22,1,4,12,56,0.24,0.286,0.35,0.636,75,64,1,1,0,3,0,*98
185,Brandon Crawford*\crawfbr01,32,SFG,NL,48,181,164,18,34,4,1,3,12,1,1,15,46,0.207,0.276,0.299,0.575,59,49,2,1,0,1,1,*6
644,Kevin Pillar\pillake01,30,SFG,NL,44,170,161,22,36,7,0,6,23,6,0,5,32,0.224,0.253,0.379,0.632,71,61,3,2,0,2,1,*8/9
480,Evan Longoria\longoev01,33,SFG,NL,44,170,154,18,36,10,1,6,18,2,0,15,34,0.234,0.306,0.429,0.734,100,66,3,1,0,0,0,*5
79,Brandon Belt*\beltbr01,31,SFG,NL,48,176,150,21,34,10,2,7,18,1,1,23,40,0.227,0.335,0.46,0.795,117,69,2,2,0,1,0,*3/79
613,Joe Panik*\panikjo01,28,SFG,NL,43,172,148,17,38,9,0,2,15,1,2,20,20,0.257,0.349,0.358,0.707,96,53,3,2,0,2,0,*4
658,Buster Posey\poseybu01,32,SFG,NL,39,143,132,12,33,12,0,2,15,0,0,10,24,0.25,0.301,0.386,0.687,88,51,5,0,0,1,0,*2/3
734,Pablo Sandoval#\sandopa01,32,SFG,NL,45,93,90,15,26,10,0,7,16,1,0,3,25,0.289,0.312,0.633,0.945,151,57,1,0,0,0,0,5/3D1
617,Gerardo Parra*\parrage01,32,SFG,NL,30,97,86,8,17,3,0,1,6,2,1,8,18,0.198,0.278,0.267,0.546,52,23,0,2,0,1,2,79
772,Yangervis Solarte#\solarya01,31,SFG,NL,28,78,73,9,15,5,0,1,7,0,0,4,16,0.205,0.247,0.315,0.562,54,23,4,0,1,0,1,4/765
52,Tyler Austin\austity01,27,SFG,NL,27,59,52,12,14,1,1,4,11,0,0,7,24,0.269,0.356,0.558,0.914,147,29,1,0,0,0,0,/37
895,Mac Williamson\willima11,28,SFG,NL,14,53,47,3,6,1,0,1,7,2,0,5,15,0.128,0.226,0.213,0.439,23,10,2,1,0,0,0,7/9
863,Stephen Vogt*\vogtst01,34,SFG,NL,14,37,35,4,8,3,0,1,3,0,0,2,13,0.229,0.27,0.4,0.67,82,14,0,0,0,0,0,2/37
463,Erik Kratz\kratzer01,39,SFG,NL,15,36,32,1,4,2,0,1,3,0,0,2,6,0.125,0.222,0.281,0.503,38,9,0,2,0,0,0,2
123,Madison Bumgarner\bumgama01,29,SFG,NL,11,25,24,1,4,0,0,1,2,0,0,1,14,0.167,0.2,0.292,0.492,33,7,0,0,0,0,0,1
771,Donovan Solano\solando01,31,SFG,NL,8,20,17,1,2,0,0,0,2,0,0,2,3,0.118,0.2,0.118,0.318,-9,2,0,0,0,1,0,/46
707,Dereck Rodriguez\rodride01,27,SFG,NL,9,16,16,1,3,0,0,0,0,0,0,0,8,0.188,0.188,0.188,0.375,4,3,0,0,0,0,0,/1
314,Mike Gerber*\gerbemi01,26,SFG,NL,4,16,15,0,1,1,0,0,0,0,0,1,9,0.067,0.125,0.133,0.258,-28,2,0,0,0,0,0,/7
427,Connor Joe\joeco01,26,SFG,NL,8,16,15,1,1,0,0,0,0,0,0,1,5,0.067,0.125,0.067,0.192,-45,1,1,0,0,0,0,/7
728,Jeff Samardzija\samarje01,34,SFG,NL,9,12,11,0,1,0,0,0,0,0,0,0,7,0.091,0.091,0.091,0.182,-49,1,0,0,1,0,0,1
398,Derek Holland#\hollade01,32,SFG,NL,13,11,10,0,1,0,0,0,0,0,0,0,7,0.1,0.1,0.1,0.2,-44,1,0,0,1,0,0,1
655,Drew Pomeranz\pomerdr01,30,SFG,NL,7,8,8,0,0,0,0,0,0,0,0,0,6,0,0,0,0,-100,0,0,0,0,0,0,/1
681,Michael Reed\reedmi02,26,SFG,NL,4,8,8,0,0,0,0,0,0,0,0,0,6,0,0,0,0,-100,0,0,0,0,0,0,/79
299,Aramis Garcia\garciar01,26,SFG,NL,3,7,6,2,1,0,0,1,2,0,0,1,4,0.167,0.286,0.667,0.952,151,4,0,0,0,0,0,/2
36,Shaun Anderson\andersh01,24,SFG,NL,2,4,3,0,2,1,0,0,0,0,0,0,1,0.667,0.667,1,1.667,352,3,0,0,1,0,0,/1
860,Nick Vincent\vinceni01,32,SFG,NL,16,2,2,0,0,0,0,0,0,0,0,0,2,0,0,0,0,-100,0,0,0,0,0,0,1
27,Aaron Altherr\altheaa01,28,SFG,NL,1,1,1,0,0,0,0,0,0,0,0,0,1,0,0,0,0,-100,0,0,0,0,0,0,
75,Tyler Beede\beedety01,26,SFG,NL,3,3,1,1,0,0,0,0,0,0,0,1,0,0,0.5,0,0.5,57,0,0,0,1,0,0,/1
93,Ty Blach\blachty01,28,SFG,NL,1,1,1,0,0,0,0,0,0,0,0,0,1,0,0,0,0,-100,0,0,0,0,0,0,/1
800,Andrew Suarez*\suarean01,26,SFG,NL,1,1,1,0,0,0,0,0,0,0,0,0,1,0,0,0,0,-100,0,0,0,0,0,0,/1
82,Travis Bergen*\bergetr01,25,SFG,NL,18,0,0,0,0,0,0,0,0,0,0,0,0,,,,,,0,0,0,0,0,0,1
245,Sam Dyson\dysonsa01,31,SFG,NL,22,0,0,0,0,0,0,0,0,0,0,0,0,,,,,,0,0,0,0,0,0,1
333,Trevor Gott\gotttr01,26,SFG,NL,19,0,0,0,0,0,0,0,0,0,0,0,0,,,,,,0,0,0,0,0,0,1
423,Williams Jerez*\jerezwi01,27,SFG,NL,1,0,0,0,0,0,0,0,0,0,0,0,0,,,,,,0,0,0,0,0,0,/1
543,Mark Melancon\melanma01,34,SFG,NL,17,0,0,0,0,0,0,0,0,0,0,0,0,,,,,,0,0,0,0,0,0,1
567,Reyes Moronta\moronre01,26,SFG,NL,20,0,0,0,0,0,0,0,0,0,0,0,0,,,,,,0,0,0,0,0,0,1
767,Will Smith\smithwi04,29,SFG,NL,19,0,0,0,0,0,0,0,0,0,0,0,0,,,,,,0,0,0,0,0,0,1
855,Pat Venditte*\vendipa01,34,SFG,NL,2,0,0,0,0,0,0,0,0,0,0,0,0,,,,,,0,0,0,0,0,0,/1
877,Tony Watson*\watsoto01,34,SFG,NL,19,0,0,0,0,0,0,0,0,0,0,0,0,,,,,,0,0,0,0,0,0,1
320,Paul Goldschmidt\goldspa01,31,STL,NL,49,218,190,34,48,4,0,10,24,0,1,27,60,0.253,0.349,0.432,0.78,111,82,3,1,0,0,1,*3
214,Paul DeJong\dejonpa01,25,STL,NL,49,214,183,38,57,17,1,8,26,4,0,27,35,0.311,0.407,0.546,0.953,157,100,5,3,0,1,0,*6
609,Marcell Ozuna\ozunama01,28,STL,NL,47,202,180,36,43,11,0,14,45,3,0,21,42,0.239,0.322,0.533,0.855,127,96,10,1,0,0,2,*7
142,Matt Carpenter*\carpema01,33,STL,NL,48,210,177,30,36,8,1,6,14,2,1,31,48,0.203,0.324,0.362,0.685,87,64,2,1,0,1,0,*5/3
554,Yadier Molina\molinya01,36,STL,NL,46,185,175,17,47,13,0,4,32,4,0,6,14,0.269,0.297,0.411,0.709,90,72,8,2,0,2,0,*2/35
906,Kolten Wong*\wongko01,28,STL,NL,48,184,155,19,38,6,1,6,25,7,0,22,25,0.245,0.353,0.413,0.766,108,64,1,5,0,2,3,*4
521,Jose Martinez\martijo08,30,STL,NL,49,158,144,21,45,8,0,3,21,1,0,12,31,0.313,0.367,0.431,0.798,117,62,4,1,0,1,0,*9/7D
277,Dexter Fowler#\fowlede01,33,STL,NL,42,155,127,20,36,8,0,4,13,2,2,25,34,0.283,0.413,0.441,0.854,133,56,0,3,0,0,0,*98
56,Harrison Bader\baderha01,25,STL,NL,36,108,89,15,23,4,0,4,11,0,3,13,31,0.258,0.383,0.438,0.821,124,39,0,5,1,0,3,*8
356,Jedd Gyorko\gyorkje01,30,STL,NL,27,45,42,2,7,0,0,0,2,1,0,3,13,0.167,0.222,0.167,0.389,9,7,0,0,0,0,0,/5431
572,Yairo Munoz\munozya01,24,STL,NL,24,39,38,6,13,2,0,0,0,0,1,1,6,0.342,0.359,0.395,0.754,106,15,2,0,0,0,0,/645987
597,Tyler O'Neill\oneilty01,24,STL,NL,21,39,38,4,10,2,0,1,4,0,0,1,18,0.263,0.282,0.395,0.677,82,15,2,0,0,0,0,/978
888,Matt Wieters#\wietema01,33,STL,NL,15,26,24,1,8,0,0,1,6,1,1,0,7,0.333,0.346,0.458,0.804,117,11,0,1,0,1,0,2
547,Miles Mikolas\mikolmi01,30,STL,NL,9,19,18,0,2,0,0,0,2,0,0,0,8,0.111,0.111,0.111,0.222,-39,2,0,0,1,0,0,1
868,Adam Wainwright\wainwad01,37,STL,NL,10,19,16,1,2,0,0,0,1,0,0,1,6,0.125,0.176,0.125,0.301,-15,2,0,0,2,0,0,1
866,Michael Wacha\wachami01,27,STL,NL,9,18,15,1,2,1,0,0,2,0,0,0,8,0.133,0.133,0.2,0.333,-11,3,0,0,3,0,0,/1
265,Jack Flaherty\flaheja01,23,STL,NL,10,17,14,2,2,0,0,0,1,1,0,0,2,0.143,0.143,0.143,0.286,-22,2,0,0,3,0,0,1
405,Dakota Hudson\hudsoda02,24,STL,NL,9,16,12,0,1,0,0,0,0,0,0,0,5,0.083,0.154,0.083,0.237,-32,1,0,1,3,0,0,1
825,Lane Thomas\thomala02,23,STL,NL,8,11,10,1,4,0,0,1,4,1,0,1,1,0.4,0.455,0.7,1.155,208,7,0,0,0,0,0,/89
702,Drew Robinson*\robindr01,27,STL,NL,5,7,7,1,1,0,0,0,0,0,0,0,3,0.143,0.143,0.143,0.286,-22,1,0,0,0,0,0,/89
293,Giovanny Gallegos\gallegi01,27,STL,NL,16,3,2,0,0,0,0,0,0,0,0,0,1,0,0,0,0,-100,0,0,0,1,0,0,1
298,John Gant\gantjo01,26,STL,NL,22,1,1,0,0,0,0,0,0,0,0,0,1,0,0,0,0,-100,0,0,0,0,0,0,1
376,Ryan Helsley\helslry01,24,STL,NL,4,1,1,0,1,0,0,0,0,0,0,0,0,1,1,1,2,449,1,0,0,0,0,0,/1
656,Daniel Ponce de Leon\ponceda01,27,STL,NL,1,1,1,0,0,0,0,0,0,0,0,0,0,0,0,0,0,-100,0,0,0,0,0,0,/1
110,John Brebbia*\brebbjo01,29,STL,NL,21,0,0,0,0,0,0,0,0,0,0,0,0,,,,,,0,0,0,0,0,0,1
340,Luke Gregerson*\gregelu01,35,STL,NL,6,0,0,0,0,0,0,0,0,0,0,0,0,,,,,,0,0,0,0,0,0,/1
390,Jordan Hicks\hicksjo03,22,STL,NL,16,0,0,0,0,0,0,0,0,0,0,0,0,,,,,,0,0,0,0,0,0,1
473,Dominic Leone\leonedo01,27,STL,NL,20,0,0,0,0,0,0,0,0,0,0,0,0,,,,,,0,0,0,0,0,0,1
519,Carlos Martinez\martica04,27,STL,NL,1,0,0,0,0,0,0,0,0,0,0,0,0,,,,,,0,0,0,0,0,0,/1
527,Mike Mayers\mayermi01,27,STL,NL,8,0,0,0,0,0,0,0,0,0,0,0,0,,,,,,0,0,0,0,0,0,/1
548,Andrew Miller*\millean01,34,STL,NL,20,0,0,0,0,0,0,0,0,0,0,0,0,,,,,,0,0,0,0,0,0,1
686,Alex Reyes\reyesal02,24,STL,NL,4,0,0,0,0,0,0,0,0,0,0,0,0,,,,,,0,0,0,0,0,0,/1
880,Tyler Webb*\webbty01,28,STL,NL,16,0,0,0,0,0,0,0,0,0,0,0,0,,,,,,0,0,0,0,0,0,1
640,Tommy Pham\phamth01,31,TBD,AL,46,211,176,20,51,5,2,7,22,6,3,32,37,0.29,0.403,0.46,0.863,135,81,7,2,0,1,1,*7/D
488,Brandon Lowe*\lowebr01,24,TBD,AL,43,173,160,27,46,9,1,10,28,3,0,11,61,0.288,0.335,0.544,0.879,134,87,1,1,0,1,0,*4/39D
300,Avisail Garcia\garciav01,28,TBD,AL,40,171,157,22,44,8,1,9,21,3,1,11,40,0.28,0.339,0.516,0.855,128,81,6,3,0,0,2,9/D
225,Yandy Diaz\diazya01,27,TBD,AL,41,180,156,26,40,9,1,9,22,1,0,20,32,0.256,0.339,0.5,0.839,124,78,7,1,0,3,0,53/D
450,Kevin Kiermaier*\kiermke01,29,TBD,AL,44,164,149,21,36,7,4,5,20,6,2,13,33,0.242,0.305,0.443,0.748,100,66,2,1,0,1,1,*8
3,Willy Adames\adamewi01,23,TBD,AL,42,162,147,24,36,8,1,4,11,1,0,14,43,0.245,0.315,0.395,0.709,92,58,3,1,0,0,0,*6
166,Ji-Man Choi*\choiji01,28,TBD,AL,37,151,133,14,35,7,1,3,14,1,2,14,31,0.263,0.338,0.398,0.736,100,53,2,2,0,2,0,*3/D
700,Daniel Robertson\roberda10,25,TBD,AL,41,143,122,15,24,5,0,2,13,1,0,19,35,0.197,0.315,0.287,0.602,67,35,9,2,0,0,0,546
540,Austin Meadows*\meadoau01,24,TBD,AL,31,128,112,16,36,5,1,9,24,4,2,14,28,0.321,0.406,0.625,1.031,175,70,1,2,0,0,2,D9/7
918,Mike Zunino\zuninmi01,28,TBD,AL,26,96,91,11,20,6,1,3,17,0,0,4,25,0.22,0.26,0.407,0.667,78,37,2,1,0,0,0,2
379,Guillermo Heredia\heredgu01,28,TBD,AL,29,60,50,6,14,4,0,1,6,0,0,6,16,0.28,0.379,0.42,0.799,118,21,1,2,2,0,0,8/97D
634,Michael Perez*\perezmi03,26,TBD,AL,15,46,39,6,10,5,0,0,2,0,0,6,15,0.256,0.37,0.385,0.754,107,15,0,1,0,0,0,2/3
489,Nate Lowe*\lowena01,23,TBD,AL,9,38,35,4,9,2,0,0,1,0,0,2,10,0.257,0.289,0.314,0.604,65,11,1,0,0,1,0,/D3
883,Joey Wendle*\wendljo01,29,TBD,AL,8,25,22,0,3,1,0,0,2,0,0,0,6,0.136,0.24,0.182,0.422,18,4,0,3,0,0,0,/456
196,Travis d'Arnaud\darnatr01,30,TBD,AL,8,23,21,0,1,0,0,0,0,0,0,2,7,0.048,0.13,0.048,0.178,-48,1,0,0,0,0,0,/2
48,Christian Arroyo\arroych01,24,TBD,AL,6,15,14,0,3,0,0,0,2,0,0,1,10,0.214,0.267,0.214,0.481,34,3,0,0,0,0,0,/5
464,Erik Kratz\kratzer01,39,TBD,AL,4,9,9,0,1,0,0,0,0,0,0,0,4,0.111,0.111,0.111,0.222,-39,1,0,0,0,0,0,/2
853,Andrew Velazquez#\velazan01,24,TBD,AL,7,7,7,1,1,1,0,0,0,0,0,0,2,0.143,0.143,0.286,0.429,12,2,0,0,0,0,0,/547
170,Nick Ciuffo*\ciuffni01,24,TBD,AL,3,6,6,0,1,0,0,0,0,0,0,0,3,0.167,0.167,0.167,0.333,-8,1,0,0,0,0,0,/2
80,Anthony Bemboom*\bemboan01,29,TBD,AL,3,5,5,0,2,1,0,0,1,0,0,0,2,0.4,0.4,0.6,1,167,3,0,0,0,0,0,/2
165,Yonny Chirinos\chiriyo01,25,TBD,AL,1,2,2,0,0,0,0,0,0,0,0,0,2,0,0,0,0,-100,0,0,0,0,0,0,1
318,Tyler Glasnow*\glasnty01,25,TBD,AL,1,2,2,0,0,0,0,0,0,0,0,0,1,0,0,0,0,-100,0,0,0,0,0,0,/1
568,Charlie Morton\mortoch02,35,TBD,AL,1,2,2,0,0,0,0,0,0,0,0,0,2,0,0,0,0,-100,0,0,0,0,0,0,1
145,Diego Castillo\castidi01,25,TBD,AL,4,1,1,0,0,0,0,0,0,0,0,0,1,0,0,0,0,-100,0,0,0,0,0,0,1
611,Emilio Pagan*\paganem01,28,TBD,AL,2,1,1,0,0,0,0,0,0,0,0,0,1,0,0,0,0,-100,0,0,0,0,0,0,1
29,Jose Alvarado*\alvarjo03,24,TBD,AL,3,0,0,0,0,0,0,0,0,0,0,0,0,,,,,,0,0,0,0,0,0,1
76,Jalen Beeks*\beeksja02,25,TBD,AL,2,0,0,0,0,0,0,0,0,0,0,0,0,,,,,,0,0,0,0,0,0,1
273,Wilmer Font\fontwi01,29,TBD,AL,1,0,0,0,0,0,0,0,0,0,0,0,0,,,,,,0,0,0,0,0,0,1
461,Adam Kolarek*\kolarad01,30,TBD,AL,3,0,0,0,0,0,0,0,0,0,0,0,0,,,,,,0,0,0,0,0,0,1/3
711,Chaz Roe\roech01,32,TBD,AL,4,0,0,0,0,0,0,0,0,0,0,0,0,,,,,,0,0,0,0,0,0,1
782,Ryne Stanek\stanery01,27,TBD,AL,2,0,0,0,0,0,0,0,0,0,0,0,0,,,,,,0,0,0,0,0,0,1
911,Ryan Yarbrough\yarbrry01,27,TBD,AL,1,0,0,0,0,0,0,0,0,0,0,0,0,,,,,,0,0,0,0,0,0,/1
167,Shin-Soo Choo*\choosh01,36,TEX,AL,44,193,165,30,49,13,2,7,19,2,1,23,44,0.297,0.399,0.527,0.926,137,87,1,5,0,0,1,7D/9
529,Nomar Mazara*\mazarno01,24,TEX,AL,42,179,164,25,43,11,1,6,25,1,0,10,34,0.262,0.318,0.451,0.77,96,74,4,4,0,1,0,*9/D
40,Elvis Andrus\andruel01,30,TEX,AL,38,169,157,25,51,9,1,6,26,8,2,10,28,0.325,0.373,0.51,0.882,125,80,5,2,0,0,0,*6/D
294,Joey Gallo*\gallojo01,25,TEX,AL,42,183,147,36,43,11,1,15,35,3,0,35,64,0.293,0.426,0.687,1.113,181,101,0,0,0,1,3,*78/D
129,Asdrubal Cabrera#\cabreas01,33,TEX,AL,41,159,142,23,31,5,0,9,26,0,0,13,36,0.218,0.289,0.444,0.733,85,63,6,2,0,2,0,*5
600,Rougned Odor*\odorro01,25,TEX,AL,34,143,130,21,21,4,0,7,21,4,4,11,49,0.162,0.232,0.354,0.586,48,46,3,1,1,0,0,*4
276,Logan Forsythe\forsylo01,32,TEX,AL,35,140,117,20,36,11,1,3,22,1,0,20,30,0.308,0.41,0.496,0.906,133,58,5,1,0,1,0,3/654
625,Hunter Pence\pencehu01,36,TEX,AL,33,121,109,24,34,7,0,10,31,1,1,10,22,0.312,0.364,0.651,1.015,154,71,0,0,0,2,0,D/79
737,Danny Santana#\santada01,28,TEX,AL,30,115,105,21,33,7,1,4,13,6,1,5,32,0.314,0.36,0.514,0.874,122,54,1,3,0,1,1,4/3867
218,Delino DeShields\deshide02,26,TEX,AL,31,108,88,11,16,4,1,1,10,8,1,17,21,0.182,0.321,0.284,0.605,59,25,3,1,2,0,0,8
451,Isiah Kiner-Falefa\kineris01,24,TEX,AL,28,95,83,12,18,5,1,1,12,1,0,10,23,0.217,0.309,0.337,0.646,67,28,2,1,1,0,0,2
522,Jeff Mathis\mathije01,36,TEX,AL,25,83,78,9,13,2,0,1,2,0,0,5,24,0.167,0.217,0.231,0.448,16,18,0,0,0,0,0,2/1
355,Ronald Guzman*\guzmaro01,24,TEX,AL,22,74,67,8,14,6,0,4,11,0,1,7,23,0.209,0.284,0.478,0.761,91,32,4,0,0,0,0,3
902,Patrick Wisdom\wisdopa01,27,TEX,AL,9,28,26,1,4,1,0,0,1,0,0,1,15,0.154,0.185,0.192,0.377,-2,5,0,0,1,0,0,/35
135,Willie Calhoun*\calhowi01,24,TEX,AL,6,24,23,5,10,1,0,2,7,0,0,1,2,0.435,0.458,0.739,1.197,202,17,2,0,0,0,0,/7D
496,Lance Lynn#\lynnla01,32,TEX,AL,1,2,2,0,0,0,0,0,0,0,0,0,2,0,0,0,0,-100,0,0,0,0,0,0,1
552,Mike Minor\minormi01,31,TEX,AL,1,3,2,0,0,0,0,0,0,0,0,0,2,0,0,0,0,-100,0,0,0,1,0,0,1
729,Adrian Sampson\sampsad01,27,TEX,AL,1,2,2,0,0,0,0,0,0,0,0,0,1,0,0,0,0,-100,0,0,0,0,0,0,1
551,Shelby Miller\millesh01,28,TEX,AL,1,2,1,0,0,0,0,0,0,0,0,1,1,0,0.5,0,0.5,49,0,0,0,0,0,0,/1
91,Kyle Bird*\birdky01,26,TEX,AL,1,0,0,0,0,0,0,0,0,0,0,0,0,,,,,,0,0,0,0,0,0,/1
161,Jesse Chavez\chaveje01,35,TEX,AL,3,0,0,0,0,0,0,0,0,0,0,0,0,,,,,,0,0,0,0,0,0,1
234,Kyle Dowdy\dowdyky01,26,TEX,AL,1,0,0,0,0,0,0,0,0,0,0,0,0,,,,,,0,0,0,0,0,0,1
435,Ariel Jurado\juradar01,23,TEX,AL,1,0,0,0,0,0,0,0,0,0,0,0,0,,,,,,0,0,0,0,0,0,1
440,Shawn Kelley\kellesh01,35,TEX,AL,1,0,0,0,0,0,0,0,0,0,0,0,0,,,,,,0,0,0,0,0,0,1
470,Jose Leclerc\leclejo01,25,TEX,AL,3,0,0,0,0,0,0,0,0,0,0,0,0,,,,,,0,0,0,0,0,0,1
513,Brett Martin*\martibr01,24,TEX,AL,1,0,0,0,0,0,0,0,0,0,0,0,0,,,,,,0,0,0,0,0,0,1
514,Chris Martin\martich02,33,TEX,AL,2,0,0,0,0,0,0,0,0,0,0,0,0,,,,,,0,0,0,0,0,0,1
343,Randal Grichuk\grichra01,27,TOR,AL,49,202,187,24,45,9,1,8,19,1,0,14,56,0.241,0.297,0.428,0.725,95,80,4,1,0,0,0,*89/D
296,Freddy Galvis#\galvifr01,29,TOR,AL,47,187,178,21,47,11,0,6,19,2,1,9,43,0.264,0.299,0.427,0.726,96,76,3,0,0,0,1,*6
237,Brandon Drury\drurybr01,26,TOR,AL,42,167,158,18,35,11,1,5,14,0,0,7,50,0.222,0.257,0.399,0.656,76,63,3,1,0,1,0,54/97
768,Justin Smoak#\smoakju01,32,TOR,AL,46,193,154,23,34,6,0,8,23,0,0,35,37,0.221,0.373,0.416,0.789,116,64,3,3,0,1,1,3D
822,Rowdy Tellez*\tellero01,24,TOR,AL,43,159,145,19,37,7,0,9,25,0,0,10,47,0.255,0.314,0.49,0.804,115,71,2,3,0,1,1,D3
537,Billy McKinney*\mckinbi01,24,TOR,AL,41,153,140,17,32,11,0,3,9,0,2,9,34,0.229,0.278,0.371,0.65,76,52,0,1,2,1,0,*97/3D
384,Teoscar Hernandez\hernate01,26,TOR,AL,39,141,127,13,24,3,1,3,15,2,1,13,42,0.189,0.262,0.299,0.562,54,38,2,0,0,1,1,*7/D
419,Danny Jansen\janseda01,24,TOR,AL,37,128,114,8,21,4,0,2,10,0,0,11,33,0.184,0.26,0.272,0.532,46,31,3,1,1,1,0,*2/D
770,Eric Sogard*\sogarer01,33,TOR,AL,26,115,98,15,26,5,1,4,13,3,0,13,12,0.265,0.357,0.459,0.816,122,45,1,1,3,0,0,4/65
350,Vladimir Guerrero Jr.\guerrvl02,20,TOR,AL,22,92,83,8,20,2,0,5,11,0,1,9,16,0.241,0.315,0.446,0.761,105,37,4,0,0,0,0,5/D
502,Luke Maile\mailelu01,28,TOR,AL,20,61,56,4,8,1,0,2,5,0,0,4,16,0.143,0.2,0.268,0.468,27,15,0,0,1,0,0,2/1
364,Alen Hanson#\hansoal01,26,TOR,AL,18,48,43,5,7,0,0,0,4,1,0,3,17,0.163,0.229,0.163,0.392,11,7,0,1,0,1,1,/493D7
352,Lourdes Gurriel Jr.\gurrilo01,25,TOR,AL,13,44,40,2,7,4,0,0,7,1,1,3,12,0.175,0.25,0.275,0.525,44,11,2,1,0,0,0,/43D
841,Richard Urena#\urenari01,23,TOR,AL,16,43,40,2,10,3,0,0,0,0,0,1,13,0.25,0.268,0.325,0.593,62,13,0,0,2,0,0,/4567
116,Socrates Brito*\britoso01,26,TOR,AL,17,43,39,5,3,0,1,0,2,0,0,4,17,0.077,0.163,0.128,0.291,-18,5,2,0,0,0,0,9/87
203,Jonathan Davis\davisjo05,27,TOR,AL,10,32,32,1,3,0,0,0,0,1,0,0,10,0.094,0.094,0.094,0.188,-48,3,1,0,0,0,0,8
643,Kevin Pillar\pillake01,30,TOR,AL,5,17,16,1,1,0,0,0,1,0,0,0,3,0.063,0.059,0.063,0.121,-67,1,0,0,0,1,0,/8D
17,Anthony Alford\alforan01,24,TOR,AL,1,3,3,0,0,0,0,0,0,0,0,0,1,0,0,0,0,-100,0,0,0,0,0,0,/8
827,Trent Thornton\thorntr01,25,TOR,AL,1,3,3,2,2,0,0,0,0,0,0,0,0,0.667,0.667,0.667,1.333,269,2,0,0,0,0,0,1
416,Edwin Jackson\jacksed01,35,TOR,AL,1,2,2,0,0,0,0,0,0,0,0,0,1,0,0,0,0,-100,0,0,0,0,0,0,/1
87,Joe Biagini\biagijo01,29,TOR,AL,2,0,0,0,0,0,0,0,0,0,0,0,0,,,,,,0,0,0,0,0,0,1
317,Ken Giles\gileske01,28,TOR,AL,2,0,0,0,0,0,0,0,0,0,0,0,0,,,,,,0,0,0,0,0,0,1
406,Daniel Hudson\hudsoda01,32,TOR,AL,2,0,0,0,0,0,0,0,0,0,0,0,0,,,,,,0,0,0,0,0,0,1
528,Tim Mayza*\mayzati01,27,TOR,AL,2,0,0,0,0,0,0,0,0,0,0,0,0,,,,,,0,0,0,0,0,0,1
614,Thomas Pannone*\pannoth01,25,TOR,AL,1,0,0,0,0,0,0,0,0,0,0,0,0,,,,,,0,0,0,0,0,0,1
823,Ryan Tepera\teperry01,31,TOR,AL,1,0,0,0,0,0,0,0,0,0,0,0,0,,,,,,0,0,0,0,0,0,1
642,Kevin Pillar\pillake01,30,TOT,MLB,49,187,177,23,37,7,0,6,24,6,0,5,35,0.209,0.235,0.35,0.586,59,62,3,2,0,3,1,*8/9D
560,Kendrys Morales#\moralke01,36,TOT,AL,40,153,131,11,26,1,1,2,11,0,0,18,22,0.198,0.307,0.267,0.574,60,35,4,3,0,1,0,3D/1
616,Gerardo Parra*\parrage01,32,TOT,NL,40,130,116,14,27,5,0,3,15,4,1,11,24,0.233,0.308,0.353,0.661,80,41,0,2,0,1,2,79/38
810,Blake Swihart#\swihabl01,27,TOT,MLB,35,79,72,11,13,1,0,4,12,0,0,6,29,0.181,0.253,0.361,0.614,60,26,1,1,0,0,0,/2793
50,Tyler Austin\austity01,27,TOT,MLB,29,64,56,13,15,2,1,4,11,0,0,8,27,0.268,0.359,0.554,0.913,146,31,1,0,0,0,0,/37
192,Travis d'Arnaud\darnatr01,30,TOT,MLB,19,49,45,2,3,0,0,0,2,0,0,4,12,0.067,0.143,0.067,0.21,-39,3,1,0,0,0,0,2
462,Erik Kratz\kratzer01,39,TOT,MLB,19,45,41,1,5,2,0,1,3,0,0,2,10,0.122,0.2,0.244,0.444,22,10,0,2,0,0,0,2
25,Aaron Altherr\altheaa01,28,TOT,NL,23,31,30,2,1,1,0,0,1,0,0,1,10,0.033,0.065,0.067,0.131,-65,2,1,0,0,0,0,/8971
193,Travis d'Arnaud\darnatr01,30,TOT,NL,11,26,24,2,2,0,0,0,2,0,0,2,5,0.083,0.154,0.083,0.237,-31,2,1,0,0,0,0,/2
272,Wilmer Font\fontwi01,29,TOT,MLB,4,4,3,0,1,0,0,0,0,0,0,0,2,0.333,0.333,0.333,0.667,88,1,0,0,1,0,0,1
794,Chris Stratton\stratch01,28,TOT,MLB,4,3,3,0,0,0,0,0,0,0,0,0,1,0,0,0,0,-100,0,1,0,0,0,0,1
4,Austin Adams\adamsau02,28,TOT,MLB,1,0,0,0,0,0,0,0,0,0,0,0,0,,,,,,0,0,0,0,0,0,/1
88,Jesse Biddle*\biddlje01,27,TOT,MLB,13,0,0,0,0,0,0,0,0,0,0,0,0,,,,,,0,0,0,0,0,0,1
346,Javy Guerra\guerrja01,33,TOT,MLB,1,0,0,0,0,0,0,0,0,0,0,0,0,,,,,,0,0,0,0,0,0,1
808,Anthony Swarzak\swarzan01,33,TOT,MLB,1,0,0,0,0,0,0,0,0,0,0,0,0,,,,,,0,0,0,0,0,0,1
246,Adam Eaton*\eatonad02,30,WSN,NL,49,221,198,26,54,5,2,4,12,5,2,17,42,0.273,0.338,0.379,0.717,89,75,3,3,2,1,0,*9/7
704,Victor Robles\roblevi01,22,WSN,NL,49,193,172,31,42,7,1,8,17,9,3,11,50,0.244,0.311,0.436,0.747,94,75,1,6,3,1,0,*89
235,Brian Dozier\doziebr01,32,WSN,NL,48,178,157,14,33,4,0,7,13,1,1,19,49,0.21,0.303,0.369,0.673,76,58,5,2,0,0,0,*4
776,Juan Soto*\sotoju01,20,WSN,NL,40,174,149,21,40,10,1,7,30,3,0,24,46,0.268,0.374,0.49,0.863,125,73,3,1,0,0,0,*7
683,Anthony Rendon\rendoan01,29,WSN,NL,36,154,131,33,42,17,0,9,27,1,0,17,25,0.321,0.416,0.656,1.072,176,86,5,5,0,1,2,*5
229,Wilmer Difo#\difowi01,27,WSN,NL,39,134,121,14,28,2,0,2,7,0,1,12,27,0.231,0.301,0.298,0.598,59,36,2,0,1,0,3,6/54
446,Howie Kendrick\kendrho01,35,WSN,NL,41,130,116,19,34,6,0,7,25,1,1,9,21,0.293,0.338,0.526,0.864,123,61,6,1,0,4,0,53/4
321,Yan Gomes\gomesya01,31,WSN,NL,34,119,107,7,25,4,0,2,13,0,0,10,32,0.234,0.311,0.327,0.638,69,35,2,2,0,0,1,2
805,Kurt Suzuki\suzukku01,35,WSN,NL,28,95,88,10,23,3,0,5,17,0,1,4,18,0.261,0.305,0.466,0.771,99,41,2,2,0,1,0,2
916,Ryan Zimmerman\zimmery01,34,WSN,NL,22,86,75,7,16,3,0,3,11,0,0,10,18,0.213,0.302,0.373,0.676,77,28,1,0,0,1,0,3
6,Matt Adams*\adamsma01,30,WSN,NL,31,72,69,7,17,5,0,3,13,0,0,2,28,0.246,0.264,0.449,0.713,83,31,1,0,0,1,0,3
820,Michael A. Taylor\taylomi02,28,WSN,NL,26,59,52,3,10,3,0,0,0,2,0,6,26,0.192,0.276,0.25,0.526,41,13,0,0,1,0,0,8
839,Trea Turner\turnetr01,26,WSN,NL,11,49,46,7,12,4,0,2,5,6,0,3,10,0.261,0.306,0.478,0.784,102,22,1,0,0,0,1,6
449,Carter Kieboom\kieboca01,21,WSN,NL,11,43,39,4,5,0,0,2,2,0,0,4,16,0.128,0.209,0.282,0.491,28,11,0,0,0,0,1,6
618,Gerardo Parra*\parrage01,32,WSN,NL,10,33,30,6,10,2,0,2,9,2,0,3,6,0.333,0.394,0.6,0.994,157,18,0,0,0,0,0,/3879
742,Max Scherzer\scherma01,34,WSN,NL,12,27,27,1,3,0,0,0,1,0,0,0,14,0.111,0.111,0.111,0.222,-41,3,1,0,0,0,0,1
793,Stephen Strasburg\strasst01,30,WSN,NL,11,25,22,0,2,1,0,0,1,0,0,2,10,0.091,0.167,0.136,0.303,-18,3,0,0,1,0,0,1
179,Patrick Corbin*\corbipa01,29,WSN,NL,10,24,18,1,3,0,0,0,2,0,0,3,9,0.167,0.286,0.167,0.452,24,3,0,0,3,0,0,1
731,Anibal Sanchez\sanchan01,35,WSN,NL,9,17,17,0,1,0,0,0,0,0,0,0,8,0.059,0.059,0.059,0.118,-69,1,0,0,0,0,0,/1
730,Adrian Sanchez\sanchad01,28,WSN,NL,14,16,16,1,4,0,0,0,0,0,0,0,5,0.25,0.25,0.25,0.5,33,4,0,0,0,0,0,/3457
590,Jake Noll\nollja01,25,WSN,NL,8,13,12,1,2,1,0,0,2,0,0,1,4,0.167,0.231,0.25,0.481,27,3,0,0,0,0,0,/35
787,Andrew Stevenson*\stevean01,25,WSN,NL,9,15,12,3,3,0,0,0,0,0,0,2,4,0.25,0.4,0.25,0.65,78,3,0,1,0,0,0,/7
375,Jeremy Hellickson\hellije01,32,WSN,NL,9,13,9,3,1,0,0,0,0,0,0,2,4,0.111,0.273,0.111,0.384,8,1,0,0,2,0,0,/1
233,Sean Doolittle*\doolise01,32,WSN,NL,21,2,2,0,0,0,0,0,0,0,0,0,2,0,0,0,0,-100,0,0,0,0,0,0,1
261,Erick Fedde\feddeer01,26,WSN,NL,6,2,1,0,0,0,0,0,0,0,0,0,1,0,0,0,0,-100,0,0,0,1,0,0,/1
536,Kyle McGowin\mcgowky01,27,WSN,NL,1,1,1,0,0,0,0,0,0,0,0,0,0,0,0,0,0,-100,0,0,0,0,0,0,/1
803,Wander Suero\suerowa01,27,WSN,NL,22,1,1,0,0,0,0,0,0,0,0,0,1,0,0,0,0,-100,0,0,0,0,0,0,1
5,Austin Adams\adamsau02,28,WSN,NL,1,0,0,0,0,0,0,0,0,0,0,0,0,,,,,,0,0,0,0,0,0,/1
66,Kyle Barraclough\barraky01,29,WSN,NL,25,0,0,0,0,0,0,0,0,0,0,0,0,,,,,,0,0,0,0,0,0,1
334,Matt Grace*\gracema02,30,WSN,NL,25,0,0,0,0,0,0,0,0,0,0,0,0,,,,,,0,0,0,0,0,0,1
347,Javy Guerra\guerrja01,33,WSN,NL,1,0,0,0,0,0,0,0,0,0,0,0,0,,,,,,0,0,0,0,0,0,/1
422,Dan Jennings*\jennida01,32,WSN,NL,8,0,0,0,0,0,0,0,0,0,0,0,0,,,,,,0,0,0,0,0,0,/1
550,Justin Miller\milleju02,32,WSN,NL,17,0,0,0,0,0,0,0,0,0,0,0,0,,,,,,0,0,0,0,0,0,1
669,Tanner Rainey\raineta01,26,WSN,NL,2,0,0,0,0,0,0,0,0,0,0,0,0,,,,,,0,0,0,0,0,0,/1
720,Trevor Rosenthal\rosentr01,29,WSN,NL,7,0,0,0,0,0,0,0,0,0,0,0,0,,,,,,0,0,0,0,0,0,/1
721,Joe Ross\rossjo01,26,WSN,NL,15,0,0,0,0,0,0,0,0,0,0,0,0,,,,,,0,0,0,0,0,0,1
759,Tony Sipp*\sippto01,35,WSN,NL,19,0,0,0,0,0,0,0,0,0,0,0,0,,,,,,0,0,0,0,0,0,1
891,Austen Williams\williau01,26,WSN,NL,2,0,0,0,0,0,0,0,0,0,0,0,0,,,,,,0,0,0,0,0,0,/1