Rk,Name,Age,Tm,IP,G,GS,R,RA9,RA9opp,RA9def,RA9role,PPFp,RA9avg,RAA,WAA,gmLI,WAAadj,WAR,RAR,waaWL%,162WL%,Salary,Acquired
533,Chris Stratton\stratch01,28,2TM,37.2,11,5,33,7.88,4.73,-0.15,0.02,98.9,4.84,-13,-1.1,.21,0.0,-0.7,-9,.400,.496,$567500,Traded
181,Wilmer Font\fontwi01,29,2TM,27.2,15,3,18,5.86,4.30,-0.02,-0.11,94.6,3.97,-6,-0.5,.78,0.0,-0.3,-3,.464,.498,$560400,Traded
608,Mike Wright\wrighmi01,29,2TM,24.1,17,0,27,9.99,5.09,-0.67,-0.34,97.2,5.27,-13,-1.2,.37,0.3,-0.6,-10,.430,.496,$567500,Amateur Draft
543,Anthony Swarzak\swarzan01,33,2TM,18.0,19,0,12,6.00,4.67,-0.43,-0.31,97.7,4.68,-3,-0.2,1.49,-0.1,-0.2,-1,.487,.498,$8500000,Traded
222,Javy Guerra\guerrja01,33,2TM,16.1,13,0,8,4.41,4.43,-0.30,-0.30,99.6,4.41,0,0.0,.75,0.0,0.1,2,.500,.500,$800000,Free Agency
478,Zac Rosscup*\rosscza01,31,2TM,15.0,21,0,12,7.20,4.85,-0.56,-0.32,95.3,4.84,-4,-0.3,1.11,0.1,-0.1,-2,.483,.500,$610000,Free Agency
28,Shawn Armstrong\armstsh01,28,2TM,14.2,15,0,9,5.52,4.71,-0.57,-0.31,102.2,5.06,-1,0.0,1.30,0.0,0.1,1,.497,.501,$559100,Waivers
54,Jesse Biddle*\biddlje01,27,2TM,13.1,17,0,11,7.43,4.80,0.32,-0.33,105.6,4.37,-4,-0.4,.92,0.0,-0.3,-3,.475,.497,$575000,Waivers
2,Austin Adams\adamsau02,28,2TM,7.1,6,0,3,3.68,5.17,-0.37,-0.35,95.4,4.97,1,0.1,.41,0.0,0.1,2,.519,.501,,Traded
85,Trevor Cahill\cahiltr01,31,ANA,53.1,11,11,41,6.92,5.12,-0.10,0.23,98.0,5.35,-9,-0.9,,-0.1,-0.4,-4,.421,.495,$9000000,Free Agency
238,Matt Harvey\harvema01,30,ANA,48.0,10,10,41,7.69,4.73,-0.11,0.22,100.0,5.05,-14,-1.3,,-0.1,-0.8,-9,.375,.492,$11000000,Free Agency
508,Tyler Skaggs*\skaggty01,27,ANA,47.0,9,9,25,4.79,4.45,-0.09,0.20,99.9,4.74,0,0.0,,-0.1,0.4,5,.497,.500,$3700000,Traded
412,Felix Pena\penafe01,29,ANA,44.2,10,4,18,3.63,4.80,-0.09,0.21,98.8,5.03,7,0.7,.96,-0.1,1.1,12,.573,.504,$569000,Traded
84,Ty Buttrey\buttrty01,26,ANA,27.2,25,0,4,1.30,4.77,-0.08,-0.32,98.8,4.48,10,1.0,1.56,0.2,1.5,13,.540,.506,$557250,Traded
86,Griffin Canning\cannigr01,23,ANA,26.1,5,5,10,3.42,4.06,-0.09,0.19,100.4,4.34,3,0.3,,0.0,0.5,5,.556,.502,,Amateur Draft
47,Cam Bedrosian\bedroca01,27,ANA,25.1,25,4,11,3.91,4.72,-0.09,-0.29,99.9,4.50,2,0.2,1.09,-0.1,0.4,4,.507,.501,$1750000,Amateur Draft
459,Hansel Robles\robleha01,28,ANA,24.1,26,1,10,3.70,4.77,-0.08,-0.32,98.6,4.47,2,0.2,1.11,-0.1,0.4,5,.508,.501,$1400000,Waivers
444,Noe Ramirez\ramirno01,29,ANA,23.1,16,0,13,5.01,4.76,-0.08,-0.32,99.8,4.52,-1,-0.1,.25,0.0,0.1,1,.492,.499,$569000,Waivers
36,Luke Bard\bardlu01,28,ANA,21.1,16,2,11,4.64,4.54,-0.09,-0.30,99.4,4.31,-1,-0.1,1.03,-0.1,0.1,1,.495,.500,$575000,Free Agency
20,Justin Anderson\anderju01,26,ANA,18.1,18,0,9,4.42,4.80,-0.08,-0.32,97.1,4.42,0,0.0,1.23,-0.1,0.1,2,.500,.500,$561500,Amateur Draft
10,Cody Allen\allenco01,30,ANA,18.0,20,0,10,5.00,4.99,-0.09,-0.33,98.5,4.67,-1,-0.1,.76,-0.1,0.1,1,.497,.500,$8500000,Free Agency
194,Luis Garcia\garcilu03,32,ANA,18.0,20,0,5,2.50,4.79,-0.09,-0.32,98.2,4.48,4,0.4,.71,-0.1,0.5,6,.520,.502,$1675000,Traded
42,Jaime Barria\barrija01,22,ANA,14.1,4,1,13,8.16,4.68,-0.12,0.05,106.7,5.18,-5,-0.4,.95,0.0,-0.3,-3,.392,.497,,Amateur Free Agent
114,Taylor Cole\coleta01,29,ANA,12.2,8,1,8,5.68,5.19,-0.09,-0.35,97.7,4.82,-1,-0.1,.80,0.0,0.0,0,.485,.499,$557500,Free Agency
239,Andrew Heaney*\heanean01,28,ANA,5.0,1,1,2,3.60,4.28,-0.06,0.20,98.0,4.44,0,0.0,,0.0,0.1,1,.548,.500,$3400000,Traded
556,Nick Tropeano\tropeni01,28,ANA,5.0,1,0,3,5.40,5.91,-0.10,0.27,90.0,5.65,0,0.0,.87,0.0,0.1,1,.514,.500,$1075000,Traded
277,Jake Jewell\jewelja01,26,ANA,4.2,4,0,7,13.50,4.56,-0.11,-0.30,106.1,4.64,-5,-0.4,.58,0.1,-0.3,-4,.395,.497,,Amateur Draft
420,Dillon Peters*\peterdi01,26,ANA,3.0,3,0,1,3.00,4.78,-0.09,-0.32,108.3,4.92,1,0.1,.39,0.0,0.1,1,.522,.500,,Traded
126,John Curtiss\curtijo02,26,ANA,2.1,1,0,1,3.86,4.28,-0.11,-0.29,120.0,4.93,0,0.0,.04,0.0,0.0,1,.528,.500,,Traded
184,Sam Freeman*\freemsa01,32,ANA,2.0,1,0,1,4.50,5.18,-0.15,-0.35,98.0,4.88,0,0.0,.27,0.0,0.0,0,.508,.500,$100000,Free Agency
447,Matt Ramsey\ramsema01,29,ANA,1.0,1,0,0,0.00,5.18,-0.06,-0.34,98.0,4.80,1,0.1,.07,0.0,0.0,1,.555,.500,,Free Agency
578,Jared Walsh*\walshja01,25,ANA,1.0,1,0,1,9.00,5.32,-0.16,-0.35,98.0,5.03,0,0.0,.00,0.0,0.0,0,.457,.500,,Amateur Draft
219,Zack Greinke\greinza01,35,ARI,77.2,12,12,25,2.90,4.38,0.26,0.19,107.0,4.62,16,1.8,,-0.1,2.4,22,.653,.511,$34500000,Free Agency
582,Luke Weaver\weavelu01,25,ARI,62.1,11,11,22,3.18,4.41,0.26,0.19,104.7,4.55,11,1.2,,-0.1,1.7,15,.607,.507,$581300,Traded
293,Merrill Kelly\kellyme01,30,ARI,59.2,11,11,32,4.83,4.43,0.31,0.19,105.1,4.53,-1,-0.1,,-0.1,0.4,4,.494,.500,$2000000,Free Agency
448,Robbie Ray*\rayro02,27,ARI,58.0,11,11,26,4.03,4.38,0.23,0.19,104.3,4.52,4,0.5,,-0.1,0.9,8,.542,.503,$6050000,Traded
208,Zack Godley\godleza01,29,ARI,44.0,12,8,37,7.57,4.57,0.31,0.09,101.7,4.43,-14,-1.3,.99,-0.1,-1.0,-11,.390,.492,$609400,Traded
24,Matt Andriese\andrima01,29,ARI,28.2,20,0,14,4.40,4.38,0.25,-0.30,104.4,4.00,-1,-0.1,.97,-0.1,0.1,1,.497,.500,$920000,Traded
66,Archie Bradley\bradlar01,26,ARI,23.1,22,0,14,5.40,4.61,0.28,-0.32,106.2,4.27,-2,-0.2,1.56,-0.1,-0.2,-1,.489,.498,$1830000,Amateur Draft
319,Yoan Lopez\lopezyo01,26,ARI,21.0,25,0,3,1.29,4.57,0.26,-0.31,104.2,4.16,7,0.7,1.13,0.0,0.9,9,.530,.505,$556900,Amateur Free Agent
302,Matt Koch\kochma01,28,ARI,20.2,9,0,21,9.15,4.71,0.36,-0.32,101.3,4.08,-11,-1.0,.29,0.3,-0.5,-10,.386,.494,$567600,Traded
256,Yoshihisa Hirano\hiranyo01,35,ARI,18.2,24,0,14,6.75,4.45,0.27,-0.31,103.3,4.00,-5,-0.5,1.22,-0.1,-0.5,-4,.478,.497,$3000000,Free Agency
260,Greg Holland\hollagr01,33,ARI,17.2,18,0,3,1.53,4.47,0.20,-0.31,104.8,4.16,6,0.6,1.92,0.2,0.9,7,.532,.504,$3250000,Free Agency
98,Andrew Chafin*\chafian01,29,ARI,16.1,26,0,7,3.86,4.71,0.24,-0.32,103.6,4.29,1,0.1,1.24,0.0,0.2,2,.504,.501,$1945000,Amateur Draft
107,Taylor Clarke\clarkta01,26,ARI,15.1,3,2,5,2.93,4.38,0.30,0.10,94.9,3.97,2,0.2,.27,0.0,0.3,3,.574,.501,,Amateur Draft
152,Jon Duplantier\duplajo01,24,ARI,12.0,5,0,3,2.25,4.40,0.23,-0.30,105.1,4.07,3,0.3,1.29,0.0,0.4,4,.557,.502,,Amateur Draft
351,T.J. McFarland*\mcfartj01,30,ARI,11.0,7,0,5,4.09,4.16,0.27,-0.29,105.9,3.81,0,0.0,1.64,0.0,0.1,1,.498,.500,$1400000,Free Agency
503,Jimmie Sherfy\sherfji01,27,ARI,9.2,5,0,1,0.93,4.11,0.28,-0.28,108.7,3.85,3,0.4,.97,0.0,0.4,4,.571,.502,,Amateur Draft
379,John Ryan Murphy\murphjr01,28,ARI,3.0,2,0,9,27.00,5.40,0.60,-0.37,92.5,4.10,-8,-0.6,.01,0.3,-0.3,-7,.224,.497,$900000,Traded
283,Caleb Joseph\josepca01,33,ARI,1.0,1,0,0,0.00,4.33,0.29,-0.30,108.0,4.04,0,0.0,.00,0.0,0.0,1,.550,.500,,Free Agency
123,Stefan Crichton\crichst01,27,ARI,0.1,1,0,0,0.00,3.86,0.30,-0.27,134.0,4.40,0,0.0,.28,0.0,0.0,0,.518,.500,,Traded
548,Julio Teheran\teherju01,28,ATL,66.1,12,12,28,3.80,4.44,0.35,0.19,104.0,4.45,6,0.7,,-0.1,1.2,11,.555,.504,$11166667,Amateur Free Agent
185,Max Fried*\friedma01,25,ATL,62.0,13,11,23,3.34,4.27,0.37,0.17,105.9,4.31,8,0.9,1.24,-0.1,1.3,12,.565,.505,$565000,Traded
199,Kevin Gausman\gausmke01,28,ATL,54.0,10,10,29,4.83,4.45,0.35,0.18,101.8,4.36,-2,-0.2,,-0.1,0.2,2,.483,.499,$9350000,Traded
519,Mike Soroka\sorokmi01,21,ATL,50.2,8,8,9,1.60,4.49,0.34,0.20,99.3,4.32,16,1.9,,-0.1,2.3,20,.735,.512,,Amateur Draft
180,Mike Foltynewicz\foltymi01,27,ATL,33.1,6,6,26,7.02,4.84,0.42,0.21,100.1,4.64,-8,-0.7,,0.0,-0.5,-6,.377,.495,$5475000,Traded
271,Luke Jackson\jackslu01,27,ATL,27.0,24,0,9,3.00,4.34,0.31,-0.30,105.0,3.92,3,0.3,1.85,0.1,0.6,5,.514,.502,$585000,Free Agency
552,Josh Tomlin\tomlijo01,34,ATL,26.0,17,0,14,4.85,4.66,0.42,-0.24,100.7,4.02,-2,-0.2,.94,-0.1,0.0,0,.489,.499,$100000,Free Agency
387,Sean Newcomb*\newcose01,26,ATL,23.0,12,3,8,3.13,4.56,0.42,-0.07,102.3,4.17,3,0.3,1.20,0.0,0.5,5,.527,.502,$575000,Traded
553,Touki Toussaint\toussto01,23,ATL,20.0,8,1,10,4.50,4.68,0.31,-0.02,97.3,4.23,0,0.0,1.80,0.0,0.1,1,.498,.500,,Traded
583,Jacob Webb\webbja01,25,ATL,15.2,18,0,3,1.72,4.73,0.31,-0.33,97.9,4.01,4,0.4,1.10,0.0,0.6,5,.525,.503,,Amateur Draft
600,Dan Winkler\winklda01,29,ATL,15.0,19,0,6,3.60,4.54,0.31,-0.31,100.4,3.93,1,0.1,1.59,0.0,0.2,2,.505,.501,$1610000,Rule 5 Draft
409,Wes Parsons\parsowe01,26,ATL,14.1,15,0,7,4.40,4.75,0.32,-0.33,105.4,4.33,0,0.0,1.20,0.0,0.1,1,.501,.500,$565000,Amateur Free Agent
607,Kyle Wright\wrighky01,23,ATL,14.0,3,3,11,7.07,4.46,0.39,0.19,104.6,4.47,-4,-0.3,,0.0,-0.2,-3,.385,.498,$565000,Amateur Draft
517,Chad Sobotka\sobotch01,25,ATL,12.0,13,0,13,9.75,4.34,0.34,-0.30,108.3,4.01,-7,-0.7,.73,0.1,-0.6,-7,.445,.496,$565000,Amateur Draft
369,A.J. Minter*\minteaj01,25,ATL,11.0,15,0,12,9.82,4.52,0.39,-0.31,104.3,3.99,-7,-0.7,1.63,-0.3,-0.8,-6,.455,.496,$575000,Amateur Draft
88,Shane Carle\carlesh01,27,ATL,9.1,6,0,10,9.64,4.30,0.42,-0.30,105.1,3.77,-6,-0.6,.65,0.1,-0.4,-5,.408,.497,$575000,Traded
59,Jerry Blevins*\blevije01,35,ATL,6.0,11,0,4,6.00,4.58,0.36,-0.32,96.8,3.78,-1,-0.1,1.41,0.0,-0.1,-1,.488,.499,,Purchased
567,Jonny Venters*\ventejo01,34,ATL,4.2,9,0,13,25.07,4.68,0.43,-0.32,106.1,4.17,-11,-1.0,.82,0.1,-0.9,-10,.390,.494,$2250000,Traded
597,Bryse Wilson\wilsobr02,21,ATL,4.1,2,1,4,8.31,4.06,0.35,0.07,105.7,4.00,-2,-0.2,.03,0.0,-0.1,-2,.407,.499,$565000,Amateur Draft
133,Grant Dayton*\daytogr01,31,ATL,4.0,5,0,0,0.00,4.90,0.44,-0.34,93.9,3.87,2,0.2,.29,-0.1,0.2,2,.538,.501,$585000,Waivers
572,Arodys Vizcaino\vizcaar01,28,ATL,4.0,4,0,1,2.25,4.36,0.25,-0.30,104.0,3.96,1,0.1,1.21,0.0,0.1,1,.522,.501,$4800000,Traded
125,Charlie Culberson\culbech01,30,ATL,1.0,1,0,0,0.00,4.34,0.38,-0.30,104.0,3.81,0,0.0,.00,0.0,0.0,1,.547,.500,$1395000,Traded
91,Andrew Cashner\cashnan01,32,BAL,59.1,11,11,32,4.85,4.85,-0.53,0.22,102.5,5.74,6,0.6,,-0.1,1.1,12,.555,.504,$9500000,Free Agency
80,Dylan Bundy\bundydy01,26,BAL,59.0,11,11,33,5.03,4.89,-0.47,0.22,100.1,5.59,4,0.4,,-0.1,0.9,10,.534,.502,$2800000,Amateur Draft
251,David Hess\hessda01,25,BAL,51.0,11,10,43,7.59,4.75,-0.54,0.20,103.8,5.69,-11,-1.0,.21,0.0,-0.5,-5,.410,.494,$563500,Amateur Draft
357,John Means*\meansjo01,26,BAL,48.2,12,8,20,3.70,4.73,-0.50,0.13,104.5,5.60,10,1.1,1.70,0.0,1.6,15,.591,.507,$555500,Amateur Draft
531,Dan Straily\straida01,30,BAL,38.2,10,8,37,8.61,4.93,-0.63,0.15,101.1,5.78,-12,-1.1,.61,0.0,-0.7,-8,.390,.493,$575000,Free Agency
94,Miguel Castro\castrmi01,24,BAL,26.1,23,0,20,6.84,4.81,-0.52,-0.32,101.5,5.08,-5,-0.5,.85,-0.1,-0.3,-2,.478,.497,$569000,Traded
206,Mychal Givens\givenmy01,29,BAL,22.2,19,0,14,5.56,4.96,-0.42,-0.33,102.1,5.15,-1,-0.1,1.84,-0.1,0.0,1,.495,.499,$2150000,Amateur Draft
187,Paul Fry*\frypa01,26,BAL,21.2,22,0,9,3.74,4.91,-0.49,-0.33,102.7,5.21,4,0.4,1.75,0.1,0.6,6,.516,.502,$559000,Traded
612,Gabriel Ynoa\ynoaga01,26,BAL,21.2,10,1,15,6.23,4.53,-0.54,-0.21,101.2,4.93,-3,-0.3,.54,0.0,-0.1,-1,.469,.498,,Purchased
609,Jimmy Yacabonis\yacabji01,27,BAL,17.2,11,0,12,6.11,5.09,-0.58,-0.34,99.9,5.33,-2,-0.2,.97,-0.1,0.0,0,.486,.499,$559000,Amateur Draft
300,Branden Kline\klinebr01,27,BAL,14.2,11,0,8,4.91,4.78,-0.46,-0.32,104.2,5.13,0,0.0,1.29,0.0,0.1,2,.503,.500,,Amateur Draft
424,Evan Phillips\phillev01,24,BAL,13.0,12,0,10,6.92,5.25,-0.45,-0.35,101.9,5.45,-2,-0.2,1.01,0.0,-0.1,-1,.483,.499,,Traded
111,Alex Cobb\cobbal01,31,BAL,12.1,3,3,16,11.68,5.25,-0.68,0.24,100.0,6.18,-8,-0.6,,0.0,-0.5,-6,.297,.496,$14000000,Free Agency
58,Richard Bleier*\bleieri01,32,BAL,10.2,9,0,12,10.13,4.59,-0.65,-0.31,106.0,5.23,-6,-0.6,.74,0.0,-0.4,-5,.439,.497,$572500,Traded
323,Josh Lucas\lucasjo02,28,BAL,10.1,5,0,5,4.35,4.87,-0.47,-0.33,108.3,5.44,1,0.1,.55,-0.1,0.2,2,.525,.501,,Free Agency
445,Yefry Ramirez\ramirye01,25,BAL,10.1,4,1,9,7.84,4.79,-0.44,-0.15,102.0,5.19,-3,-0.3,.84,0.0,-0.2,-2,.428,.498,,Purchased
497,Tanner Scott*\scottta01,24,BAL,6.2,8,0,7,9.45,5.20,-0.43,-0.35,98.6,5.21,-3,-0.3,.55,0.0,-0.2,-2,.462,.498,,Amateur Draft
287,Nate Karns\karnsna01,31,BAL,5.1,4,2,1,1.69,5.04,-0.51,0.09,98.7,5.56,2,0.2,.19,0.0,0.3,3,.560,.501,$800000,Free Agency
468,Josh Rogers*\rogerjo01,24,BAL,3.2,1,0,5,12.27,5.91,-0.64,-0.40,100.0,6.15,-2,-0.2,.20,0.1,-0.1,-2,.298,.499,,Traded
606,Matt Wotherspoon\wothema01,27,BAL,2.0,1,0,3,13.50,4.45,-0.76,-0.30,96.0,4.71,-2,-0.2,.41,0.0,-0.1,-2,.334,.499,,Traded
6,Hanser Alberto\alberha01,26,BAL,1.0,1,0,2,18.00,5.18,-0.68,-0.34,100.0,5.52,-1,-0.1,.00,0.1,-0.1,-1,.376,.499,$578000,Waivers
130,Chris Davis\davisch02,33,BAL,1.0,1,0,1,9.00,5.32,-0.68,-0.35,100.0,5.65,0,0.0,.00,0.0,0.0,0,.464,.500,$23000000,Free Agency
540,Jesus Sucre\sucreje01,31,BAL,1.0,1,0,0,0.00,4.30,-0.50,-0.29,100.0,4.52,1,0.1,.00,0.0,0.0,1,.552,.500,$850000,Free Agency
26,Pedro Araujo\araujpe01,25,BAL,0.2,1,0,2,27.00,4.44,-0.76,-0.30,96.0,4.70,-2,-0.1,.21,0.1,-0.1,-2,.356,.499,$557000,Rule 5 Draft
432,Rick Porcello\porceri01,30,BOS,63.1,11,11,38,5.40,4.72,-0.06,0.22,102.7,5.14,-2,-0.2,,-0.1,0.4,5,.483,.499,$21125000,Traded
486,Chris Sale*\salech01,30,BOS,62.1,11,11,33,4.76,4.70,-0.05,0.21,100.3,4.98,1,0.1,,-0.1,0.7,8,.513,.501,$15000000,Traded
464,Eduardo Rodriguez*\rodried05,26,BOS,60.2,11,11,36,5.34,4.72,-0.06,0.22,99.4,4.96,-3,-0.3,,-0.1,0.3,4,.477,.498,$4300000,Traded
435,David Price*\priceda01,33,BOS,47.2,9,9,17,3.21,4.64,-0.05,0.21,100.4,4.93,9,1.0,,-0.1,1.4,14,.608,.506,$31000000,Free Agency
565,Hector Velazquez\velazhe01,30,BOS,32.2,17,7,20,5.51,4.70,-0.06,0.00,101.2,4.82,-3,-0.2,.21,0.0,0.1,1,.485,.498,$568500,Free Agency
577,Marcus Walden\waldema01,30,BOS,30.2,20,0,9,2.64,4.65,-0.05,-0.31,102.7,4.51,6,0.6,1.39,0.0,1.0,10,.532,.504,,Free Agency
605,Brandon Workman\workmbr01,30,BOS,24.1,27,0,6,2.22,4.67,-0.03,-0.31,100.9,4.43,6,0.6,1.39,0.0,0.9,9,.522,.504,$1150000,Amateur Draft
243,Heath Hembree\hembrhe01,30,BOS,24.0,25,0,10,3.75,4.79,-0.05,-0.32,98.6,4.46,2,0.2,.97,-0.1,0.4,4,.508,.501,$1312500,Traded
67,Ryan Brasier\brasiry01,31,BOS,22.2,25,0,12,4.76,4.77,-0.06,-0.32,100.8,4.55,-1,-0.1,1.71,-0.1,0.1,2,.498,.500,$577500,Free Agency
71,Colten Brewer\breweco01,26,BOS,22.0,20,0,13,5.32,4.95,-0.06,-0.33,99.9,4.68,-2,-0.2,.80,-0.1,0.0,1,.492,.499,$557000,Traded
39,Matt Barnes\barnema01,29,BOS,21.2,22,0,5,2.08,4.66,-0.04,-0.31,100.6,4.41,6,0.6,1.92,0.2,1.0,8,.526,.504,$1600000,Amateur Draft
161,Nathan Eovaldi\eovalna01,29,BOS,21.0,4,4,15,6.43,5.18,-0.06,0.24,96.1,5.26,-3,-0.3,,0.0,-0.1,-1,.435,.498,$17000000,Traded
550,Tyler Thornburg\thornty01,30,BOS,18.2,16,0,16,7.71,4.70,-0.06,-0.31,102.3,4.54,-7,-0.6,.18,0.2,-0.3,-5,.460,.496,$1750000,Traded
585,Ryan Weber\weberry01,28,BOS,14.0,4,1,2,1.29,4.56,-0.06,-0.08,100.5,4.56,5,0.6,.26,-0.2,0.5,7,.638,.503,,Free Agency
512,Josh Smith\smithjo07,31,BOS,7.1,4,1,4,4.91,4.56,-0.07,-0.07,101.9,4.65,0,0.0,.12,0.0,0.0,1,.495,.500,,Free Agency
304,Travis Lakins\lakintr01,25,BOS,7.0,4,0,5,6.43,4.35,-0.07,-0.29,101.0,4.17,-2,-0.2,1.34,-0.1,-0.2,-1,.458,.499,,Amateur Draft
280,Brian Johnson*\johnsbr02,28,BOS,5.2,4,0,8,12.71,4.98,-0.07,-0.33,96.6,4.56,-5,-0.5,.23,0.2,-0.3,-5,.385,.497,$575000,Amateur Draft
441,Erasmo Ramirez\ramirer02,29,BOS,3.0,1,0,4,12.00,5.17,-0.08,-0.35,100.0,4.91,-2,-0.2,.20,0.1,-0.1,-2,.306,.499,,Free Agency
246,Darwinzon Hernandez*\hernada02,22,BOS,2.1,1,0,0,0.00,3.51,-0.06,-0.24,106.0,3.53,1,0.1,.52,0.0,0.1,1,.597,.501,,Amateur Free Agent
393,Eduardo Nunez\nunezed02,32,BOS,1.0,1,0,1,9.00,4.33,-0.08,-0.29,108.0,4.46,-1,0.0,.00,0.0,0.0,0,.451,.500,$5000000,Free Agency
433,Bobby Poyner*\poynebo01,26,BOS,1.0,2,0,2,18.00,4.86,-0.10,-0.32,102.6,4.75,-1,-0.1,.84,0.0,-0.1,-1,.431,.499,,Amateur Draft
228,Cole Hamels*\hamelco01,35,CHC,62.2,11,11,30,4.31,4.68,0.19,0.20,101.6,4.77,5,0.5,,-0.1,1.0,9,.543,.503,$20000000,Traded
439,Jose Quintana*\quintjo01,30,CHC,62.2,11,10,29,4.16,4.58,0.19,0.17,103.8,4.73,5,0.6,1.17,-0.1,1.0,10,.550,.503,$10500000,Traded
244,Kyle Hendricks\hendrky01,29,CHC,62.0,10,10,30,4.35,4.49,0.19,0.20,105.4,4.74,4,0.4,,-0.1,0.9,8,.542,.503,$7405000,Traded
127,Yu Darvish\darviyu01,32,CHC,55.0,11,11,34,5.56,4.36,0.16,0.19,103.6,4.54,-5,-0.5,,-0.1,-0.1,-1,.455,.497,$20000000,Free Agency
311,Jon Lester*\lestejo01,35,CHC,52.2,10,10,27,4.61,4.72,0.20,0.21,103.3,4.89,3,0.3,,-0.1,0.7,6,.528,.502,$27500000,Free Agency
101,Tyler Chatwood\chatwty01,29,CHC,29.1,14,1,9,2.76,4.40,0.17,-0.20,106.2,4.27,6,0.6,1.44,0.0,0.9,8,.541,.504,$12500000,Free Agency
299,Brandon Kintzler\kintzbr01,34,CHC,25.1,24,0,8,2.84,4.59,0.17,-0.32,103.4,4.25,4,0.5,1.43,0.0,0.7,6,.519,.503,,Traded
106,Steve Cishek\cishest01,33,CHC,23.0,23,0,8,3.13,4.73,0.16,-0.33,103.8,4.40,4,0.4,1.36,0.0,0.6,5,.517,.502,$6500000,Free Agency
64,Brad Brach\brachbr01,33,CHC,22.2,23,0,9,3.57,4.66,0.16,-0.32,103.1,4.31,2,0.2,1.16,-0.1,0.4,4,.510,.501,$1650000,Free Agency
481,Kyle Ryan*\ryanky01,27,CHC,18.0,23,0,10,5.00,4.91,0.18,-0.34,103.1,4.53,-1,-0.1,1.45,-0.1,0.0,1,.498,.500,$555000,Free Agency
371,Mike Montgomery*\montgmi01,29,CHC,13.2,10,0,8,5.27,4.43,0.20,-0.30,106.2,4.17,-1,-0.1,1.06,-0.1,-0.1,0,.486,.499,$2440000,Traded
586,Allen Webster\webstal01,29,CHC,11.0,12,0,7,5.73,4.55,0.21,-0.31,102.2,4.12,-2,-0.2,.83,0.0,-0.1,-1,.485,.499,,Free Agency
155,Carl Edwards Jr.\edwarca01,27,CHC,10.2,14,0,10,8.44,4.69,0.16,-0.32,105.5,4.44,-5,-0.4,1.43,-0.1,-0.5,-4,.468,.497,$1500000,Traded
537,Pedro Strop\stroppe01,34,CHC,10.2,12,0,6,5.06,4.71,0.15,-0.32,105.0,4.45,-1,-0.1,1.61,-0.1,0.0,0,.496,.500,$6250000,Traded
474,Randy Rosario*\rosarra01,25,CHC,7.0,8,0,6,7.71,4.97,0.18,-0.34,105.4,4.69,-2,-0.2,1.06,0.0,-0.2,-2,.473,.499,$564000,Waivers
115,Tim Collins*\colliti01,29,CHC,4.2,5,0,2,3.86,4.35,0.26,-0.30,100.2,3.80,0,0.0,.16,0.0,0.0,0,.501,.500,$850000,Free Agency
334,Dillon Maples\mapledi01,27,CHC,4.2,5,0,0,0.00,4.76,0.05,-0.33,101.4,4.44,2,0.3,1.01,0.0,0.3,3,.551,.502,,Amateur Draft
95,Xavier Cedeno*\cedenxa01,32,CHC,2.0,5,0,0,0.00,5.63,0.28,-0.39,107.7,5.34,1,0.1,.88,0.0,0.1,1,.525,.501,$900000,Free Agency
87,Victor Caratini\caratvi01,25,CHC,1.0,1,0,2,18.00,4.18,0.32,-0.29,104.0,3.72,-2,-0.1,.01,0.1,-0.1,-1,.360,.499,$569500,Traded
391,James Norwood\norwoja01,25,CHC,1.0,1,0,0,0.00,4.18,0.14,-0.29,104.0,3.91,0,0.0,1.04,0.0,0.1,1,.548,.500,,Amateur Draft
590,Rowan Wick\wickro01,26,CHC,1.0,1,0,1,9.00,4.12,0.25,-0.29,104.0,3.73,-1,-0.1,.33,0.0,0.0,0,.445,.500,,Traded
205,Lucas Giolito\giolilu01,24,CHW,60.0,10,10,21,3.15,4.62,-0.35,0.21,98.9,5.13,13,1.4,,-0.1,2.0,19,.643,.509,$573000,Traded
318,Reynaldo Lopez\lopezre01,25,CHW,59.2,11,11,43,6.49,4.37,-0.45,0.20,100.4,5.04,-10,-0.9,,-0.1,-0.4,-3,.419,.494,$580000,Traded
392,Ivan Nova\novaiv01,32,CHW,59.1,11,11,44,6.67,4.43,-0.52,0.20,100.5,5.18,-10,-0.9,,-0.1,-0.4,-4,.416,.494,$9167000,Traded
35,Manny Banuelos*\banuema01,28,CHW,35.0,10,6,30,7.71,4.53,-0.43,0.06,99.9,5.01,-11,-1.0,.53,0.0,-0.6,-7,.403,.494,$559000,Traded
462,Carlos Rodon*\rodonca01,26,CHW,34.2,7,7,22,5.71,4.27,-0.40,0.20,101.8,4.95,-3,-0.3,,0.0,0.0,1,.459,.498,$4200000,Amateur Draft
122,Dylan Covey\coveydy01,27,CHW,26.1,7,5,18,6.15,4.92,-0.47,0.20,98.0,5.47,-2,-0.2,1.98,0.0,0.0,1,.472,.499,$571000,Rule 5 Draft
116,Alex Colome\colomal01,30,CHW,21.2,22,0,4,1.66,4.39,-0.34,-0.29,99.3,4.41,7,0.7,1.19,0.0,0.9,9,.531,.504,$7325000,Traded
250,Kelvin Herrera\herreke01,29,CHW,20.2,22,0,16,6.97,4.44,-0.49,-0.30,99.6,4.62,-5,-0.5,1.11,-0.1,-0.4,-3,.476,.497,$8500000,Free Agency
83,Ryan Burr\burrry01,25,CHW,19.2,16,1,13,5.95,4.65,-0.43,-0.26,99.5,4.80,-3,-0.2,.53,0.0,-0.1,0,.484,.498,$556000,Traded
186,Jace Fry*\fryja01,25,CHW,19.1,22,0,13,6.05,4.60,-0.39,-0.31,99.9,4.68,-3,-0.3,1.19,-0.1,-0.2,-1,.487,.498,$569000,Amateur Draft
399,Josh Osich*\osichjo01,30,CHW,16.1,13,0,9,4.96,4.68,-0.44,-0.31,98.4,4.73,0,0.0,.57,0.0,0.1,1,.497,.500,,Waivers
79,Aaron Bummer*\bummeaa01,25,CHW,13.1,11,0,2,1.35,4.49,-0.36,-0.30,98.5,4.49,5,0.5,1.00,0.0,0.6,6,.543,.503,,Amateur Draft
493,Ervin Santana\santaer01,36,CHW,13.1,3,3,14,9.45,4.29,-0.59,0.20,98.6,5.01,-7,-0.5,,0.0,-0.4,-5,.318,.497,$100000,Free Agency
367,Juan Minaya\minayju01,28,CHW,12.1,8,0,3,2.19,4.90,-0.38,-0.33,98.4,4.88,4,0.4,.22,-0.2,0.3,5,.548,.502,,Waivers
479,Jose Ruiz\ruizjo01,24,CHW,12.1,13,0,7,5.11,4.77,-0.56,-0.32,98.2,4.92,0,0.0,.64,0.0,0.1,1,.498,.500,,Waivers
188,Carson Fulmer\fulmeca01,25,CHW,10.1,8,0,10,8.71,4.18,-0.48,-0.28,99.3,4.36,-5,-0.5,.61,0.1,-0.3,-4,.441,.497,,Amateur Draft
282,Nate Jones\jonesna01,33,CHW,10.1,13,0,4,3.48,4.54,-0.41,-0.30,100.6,4.67,1,0.1,.90,0.0,0.2,2,.511,.501,$4650000,Amateur Draft
338,Evan Marshall\marshev01,29,CHW,9.0,9,0,0,0.00,4.52,-0.41,-0.30,97.7,4.52,5,0.5,1.24,0.0,0.6,5,.552,.503,,Free Agency
570,Thyago Vieira\vieirth01,25,CHW,4.1,3,0,2,4.15,4.73,-0.41,-0.32,98.2,4.74,0,0.0,.35,0.0,0.1,1,.509,.500,,Traded
182,Caleb Frare*\frareca01,25,CHW,2.2,5,0,3,10.13,5.44,-0.38,-0.36,99.7,5.45,-1,-0.1,.74,0.0,-0.1,-1,.473,.499,$555000,Traded
473,Jose Rondon\rondojo02,25,CHW,1.0,1,0,0,0.00,5.08,-0.73,-0.34,98.0,5.36,1,0.1,.02,0.0,0.0,1,.562,.500,$560000,Purchased
93,Luis Castillo\castilu02,26,CIN,69.2,12,12,20,2.58,4.48,0.22,0.20,102.5,4.57,17,1.9,,-0.1,2.4,22,.657,.512,$557500,Traded
332,Tyler Mahle\mahlety01,24,CIN,56.1,10,10,26,4.15,4.89,0.26,0.21,96.3,4.66,4,0.5,,-0.1,0.9,8,.546,.503,$570000,Amateur Draft
457,Tanner Roark\roarkta01,32,CIN,56.1,11,11,21,3.36,4.74,0.26,0.21,102.7,4.81,10,1.1,,-0.1,1.6,14,.601,.507,$10000000,Traded
215,Sonny Gray\grayso01,29,CIN,56.0,11,11,24,3.86,4.70,0.24,0.21,102.8,4.80,7,0.7,,-0.1,1.2,11,.568,.505,$7500000,Traded
137,Anthony DeSclafani\desclan01,29,CIN,48.2,10,10,28,5.18,4.66,0.26,0.20,99.8,4.59,-2,-0.2,,-0.1,0.2,1,.479,.499,$2125000,Traded
320,Michael Lorenzen\lorenmi01,27,CIN,28.1,23,0,8,2.54,4.76,0.28,-0.33,100.9,4.18,6,0.6,1.26,0.0,0.8,8,.526,.504,$1950000,Amateur Draft
267,Raisel Iglesias\iglesra01,29,CIN,25.1,23,0,9,3.20,4.66,0.23,-0.32,101.6,4.17,3,0.3,1.99,0.1,0.7,5,.515,.502,$5714285,Amateur Free Agent
247,David Hernandez\hernada01,34,CIN,25.0,27,0,14,5.04,4.71,0.25,-0.32,98.4,4.06,-2,-0.2,1.64,-0.2,-0.2,0,.492,.499,$2500000,Free Agency
526,Robert Stephenson\stephro01,26,CIN,25.0,21,0,12,4.32,4.82,0.21,-0.33,101.5,4.34,1,0.1,.83,-0.1,0.2,2,.503,.500,$565000,Amateur Draft
266,Jared Hughes\hugheja02,33,CIN,23.2,24,0,12,4.56,4.81,0.28,-0.33,102.8,4.32,0,0.0,1.16,-0.1,0.1,2,.499,.500,$2125000,Free Agency
196,Amir Garrett*\garream01,27,CIN,23.0,27,0,5,1.96,4.77,0.18,-0.33,103.2,4.39,7,0.7,1.69,0.2,1.1,8,.526,.504,$567500,Amateur Draft
414,Wandy Peralta*\peralwa01,27,CIN,20.1,24,0,11,4.87,4.59,0.26,-0.32,103.1,4.14,-1,-0.1,.90,-0.1,0.0,0,.495,.499,$570000,Amateur Free Agent
149,Zach Duke*\dukeza01,36,CIN,15.2,22,0,11,6.32,4.88,0.29,-0.34,102.8,4.37,-3,-0.3,1.13,-0.1,-0.2,-2,.486,.498,$2000000,Free Agency
506,Lucas Sims\simslu01,25,CIN,7.1,1,1,4,4.91,4.39,0.21,0.19,110.0,4.80,0,0.0,,0.0,0.1,1,.507,.500,,Traded
449,Cody Reed*\reedco01,26,CIN,6.1,3,0,1,1.42,4.62,0.25,-0.32,110.0,4.46,2,0.2,.29,-0.1,0.2,3,.581,.502,,Traded
61,Matt Bowman\bowmama01,28,CIN,2.2,3,0,0,0.00,4.36,0.17,-0.30,107.0,4.16,1,0.1,.62,0.0,0.1,1,.545,.501,,Waivers
46,Trevor Bauer\bauertr01,28,CLE,76.2,12,12,38,4.46,4.86,0.10,0.22,99.7,4.97,4,0.4,,-0.1,1.1,12,.537,.503,$13000000,Traded
55,Shane Bieber\biebesh01,24,CLE,63.2,11,10,24,3.39,4.56,0.10,0.19,102.5,4.77,10,1.0,.01,-0.1,1.6,16,.594,.506,$559600,Amateur Draft
90,Carlos Carrasco\carraca01,32,CLE,58.2,11,11,31,4.76,4.94,0.11,0.23,101.5,5.13,2,0.2,,-0.1,0.8,9,.522,.502,$9750000,Traded
465,Jefry Rodriguez\rodrije01,25,CLE,39.2,7,7,24,5.45,4.77,0.13,0.22,103.5,5.02,-2,-0.2,,0.0,0.2,2,.474,.499,,Traded
301,Corey Kluber\klubeco01,33,CLE,35.2,7,7,26,6.56,4.56,0.12,0.21,100.4,4.66,-8,-0.7,,0.0,-0.4,-4,.401,.496,$17000000,Traded
230,Brad Hand*\handbr01,29,CLE,22.0,23,0,3,1.23,4.83,0.08,-0.32,101.6,4.50,8,0.8,1.74,0.2,1.3,10,.536,.505,$7083333,Traded
402,Dan Otero\oteroda01,34,CLE,22.0,19,0,9,3.68,4.95,0.14,-0.33,103.2,4.62,2,0.2,.48,-0.1,0.3,5,.512,.501,$1300000,Purchased
105,Adam Cimber\cimbead01,28,CLE,20.1,24,0,9,3.98,4.91,0.12,-0.33,101.8,4.54,1,0.1,1.18,-0.1,0.3,3,.505,.501,$563800,Traded
602,Nick Wittgren\wittgni01,28,CLE,19.2,16,0,5,2.29,4.84,0.10,-0.32,99.8,4.41,5,0.5,1.29,0.0,0.7,7,.529,.503,,Traded
442,Neil Ramirez\ramirne01,30,CLE,16.2,16,0,11,5.94,4.58,0.11,-0.31,101.1,4.21,-3,-0.3,.59,0.0,-0.1,-1,.480,.498,$1000000,Free Agency
398,Tyler Olson*\olsonty01,29,CLE,15.0,20,0,6,3.60,4.86,0.13,-0.32,104.5,4.60,2,0.2,1.18,0.0,0.3,3,.508,.501,$560900,Waivers
419,Oliver Perez*\perezol01,37,CLE,13.1,23,0,7,4.73,5.02,0.11,-0.34,103.2,4.72,0,0.0,1.01,0.0,0.1,1,.500,.500,$2500000,Free Agency
110,Tyler Clippard\clippty01,34,CLE,12.1,12,0,4,2.92,5.01,0.09,-0.33,100.4,4.60,2,0.2,.47,-0.1,0.3,4,.519,.501,$100000,Free Agency
109,Mike Clevinger\clevimi01,28,CLE,12.0,2,2,0,0.00,4.36,0.05,0.20,106.0,4.78,6,0.7,,0.0,0.8,8,.867,.505,$592200,Traded
429,Adam Plutko\plutkad01,27,CLE,11.1,2,2,8,6.35,4.45,0.13,0.20,106.0,4.80,-2,-0.2,,0.0,-0.1,-1,.409,.499,,Amateur Draft
18,Cody Anderson\anderco01,28,CLE,8.2,5,2,9,9.35,4.97,0.13,-0.10,100.1,4.76,-4,-0.4,3.20,-0.3,-0.6,-4,.418,.497,$641250,Amateur Draft
112,A.J. Cole\coleaj01,27,CLE,8.1,7,0,3,3.24,5.07,0.10,-0.34,101.8,4.71,1,0.1,1.02,0.0,0.2,2,.520,.501,,Waivers
156,Jon Edwards\edwarjo02,31,CLE,7.1,8,0,2,2.45,4.45,0.11,-0.30,105.6,4.26,1,0.1,.65,-0.1,0.2,2,.519,.501,$555900,Free Agency
428,Zach Plesac\plesaza01,24,CLE,5.1,1,1,1,1.69,5.08,0.12,0.23,106.0,5.50,2,0.3,,0.0,0.3,3,.756,.502,,
513,Josh Smith*\smithjo08,29,CLE,2.2,2,0,1,3.38,4.96,0.10,-0.33,106.0,4.80,0,0.0,.08,0.0,0.0,1,.521,.500,,Free Agency
427,Kevin Plawecki\plaweke01,28,CLE,2.0,2,0,0,0.00,4.89,0.12,-0.33,106.0,4.71,1,0.1,.00,-0.1,0.1,1,.554,.501,$1137000,Traded
337,German Marquez\marquge01,24,COL,78.1,12,12,31,3.56,4.40,-0.09,0.19,115.1,5.39,18,2.0,,-0.1,2.6,23,.664,.512,$565000,Traded
214,Jon Gray\grayjo02,27,COL,65.2,11,11,33,4.52,4.42,-0.08,0.19,109.4,5.14,6,0.6,,-0.1,1.1,11,.556,.504,$2935000,Amateur Draft
183,Kyle Freeland*\freelky01,26,COL,56.1,11,11,45,7.19,4.37,-0.10,0.19,114.3,5.32,-11,-1.0,,-0.1,-0.6,-7,.410,.494,$565000,Amateur Draft
498,Antonio Senzatela\senzaan01,24,COL,48.0,9,9,32,6.00,4.28,-0.10,0.19,115.8,5.30,-3,-0.3,,-0.1,0.1,1,.470,.498,$560000,Amateur Free Agent
501,Bryan Shaw\shawbr01,31,COL,32.2,28,0,12,3.31,4.45,-0.09,-0.31,117.0,4.96,7,0.7,.90,-0.1,0.9,9,.525,.504,$8500000,Free Agency
52,Chad Bettis\bettich01,30,COL,31.2,15,3,19,5.40,4.51,-0.10,-0.10,112.9,5.10,0,0.0,.82,-0.1,0.2,2,.497,.500,$3350000,Amateur Draft
163,Carlos Estevez\estevca01,26,COL,24.2,26,0,14,5.11,4.55,-0.08,-0.31,115.7,5.00,0,0.0,1.07,-0.1,0.2,2,.501,.500,,Amateur Free Agent
395,Scott Oberg\obergsc01,29,COL,24.0,21,0,6,2.25,4.33,-0.08,-0.30,116.7,4.80,7,0.8,1.43,0.1,1.1,9,.536,.505,$1300000,Amateur Draft
23,Tyler Anderson*\anderty01,29,COL,20.2,5,5,27,11.76,4.64,-0.10,0.20,115.7,5.73,-13,-1.1,,0.0,-0.9,-12,.284,.493,$2625000,Amateur Draft
151,Mike Dunn*\dunnmi01,34,COL,16.2,25,0,8,4.32,4.48,-0.08,-0.31,113.7,4.84,1,0.1,1.19,0.0,0.2,2,.505,.501,$7000000,Free Agency
397,Seunghwan Oh\ohse01,36,COL,16.1,19,0,18,9.92,4.48,-0.11,-0.31,117.5,5.03,-9,-0.8,.91,0.0,-0.7,-7,.456,.495,$2500000,Traded
132,Wade Davis\daviswa01,33,COL,14.2,17,0,4,2.45,4.37,-0.08,-0.30,119.2,4.94,4,0.5,1.27,0.0,0.6,5,.527,.503,$18000000,Free Agency
281,DJ Johnson\johnsdj01,29,COL,11.2,14,0,12,9.26,4.71,-0.10,-0.32,113.4,5.09,-5,-0.5,.88,0.0,-0.4,-4,.464,.497,$557000,Free Agency
11,Yency Almonte\almonye01,25,COL,11.0,8,0,4,3.27,4.43,-0.09,-0.30,121.9,5.14,3,0.3,.47,-0.1,0.3,3,.533,.502,,Traded
257,Jeff Hoffman\hoffmje02,26,COL,10.0,2,2,9,8.10,4.19,-0.10,0.18,134.0,5.99,-2,-0.2,,0.0,-0.1,-1,.401,.499,,Traded
381,Harrison Musgrave*\musgrha01,27,COL,10.0,10,0,4,3.60,4.55,-0.08,-0.31,118.6,5.13,2,0.2,.84,0.0,0.2,3,.520,.501,$557000,Amateur Draft
140,Jairo Diaz\diazja01,28,COL,4.2,4,0,2,3.86,4.24,-0.09,-0.29,124.0,5.01,1,0.1,1.13,0.0,0.1,1,.518,.500,,Free Agency
352,Jake McGee*\mcgeeja01,32,COL,4.1,5,0,0,0.00,4.65,-0.10,-0.32,106.9,4.74,2,0.3,.67,-0.1,0.2,3,.550,.502,$8500000,Free Agency
63,Matthew Boyd*\boydma01,28,DET,72.2,12,12,24,2.97,4.70,-0.37,0.21,104.7,5.54,21,2.3,,-0.1,2.9,28,.692,.514,$2600000,Traded
557,Spencer Turnbull\turnbsp01,26,DET,60.2,11,11,27,4.01,4.65,-0.41,0.21,103.3,5.45,10,1.0,,-0.1,1.6,16,.594,.506,$556100,Amateur Draft
390,Daniel Norris*\norrida01,26,DET,51.2,11,8,26,4.53,4.67,-0.48,0.13,103.7,5.47,5,0.6,.62,-0.1,1.0,11,.551,.503,$1275000,Traded
477,Tyson Ross\rossty01,32,DET,35.1,7,7,28,7.13,4.80,-0.49,0.22,104.1,5.73,-6,-0.5,,0.0,-0.2,-2,.426,.497,$5750000,Free Agency
615,Jordan Zimmermann\zimmejo02,33,DET,30.1,6,6,21,6.23,4.71,-0.46,0.22,102.9,5.55,-2,-0.2,,0.0,0.0,1,.463,.499,$25000000,Free Agency
8,Victor Alcantara\alcanvi01,26,DET,24.2,28,0,14,5.11,4.82,-0.48,-0.32,103.5,5.16,0,0.0,1.23,-0.1,0.2,3,.500,.500,$559100,Traded
279,Joe Jimenez\jimenjo02,24,DET,23.1,25,0,10,3.86,4.75,-0.32,-0.32,102.4,4.87,3,0.3,1.39,0.0,0.5,5,.511,.502,$569200,Amateur Free Agent
217,Shane Greene\greensh02,30,DET,23.0,23,0,8,3.13,4.60,-0.37,-0.31,104.5,4.87,4,0.4,2.01,0.1,0.8,7,.520,.503,$4000000,Traded
167,Buck Farmer\farmebu01,28,DET,21.2,26,0,11,4.57,4.95,-0.39,-0.33,103.6,5.19,1,0.1,1.32,-0.1,0.3,4,.506,.501,$570800,Amateur Draft
232,Blaine Hardy*\hardybl01,32,DET,21.0,15,0,12,5.14,4.71,-0.47,-0.31,103.7,5.04,0,0.0,.74,-0.1,0.1,2,.498,.500,$1300000,Free Agency
197,Reed Garrett\garrere01,26,DET,15.1,13,0,15,8.80,4.81,-0.51,-0.32,105.8,5.29,-6,-0.6,.31,0.1,-0.3,-4,.456,.496,$555000,Rule 5 Draft
451,Zac Reininger\reiniza01,26,DET,15.0,13,0,15,9.00,4.88,-0.61,-0.33,104.6,5.39,-6,-0.6,.68,0.0,-0.4,-4,.455,.496,,Amateur Draft
89,Ryan Carpenter*\carpery01,28,DET,14.0,3,3,16,10.29,4.97,-0.51,0.23,101.4,5.79,-7,-0.6,,0.0,-0.5,-6,.309,.496,,Free Agency
520,Gregory Soto*\sotogr01,24,DET,13.2,4,4,17,11.20,5.40,-0.55,0.16,99.1,6.05,-8,-0.7,,0.0,-0.6,-6,.334,.496,,Amateur Free Agent
538,Daniel Stumpf*\stumpda01,28,DET,13.1,22,0,4,2.70,5.12,-0.45,-0.34,101.6,5.31,4,0.4,1.42,0.0,0.6,5,.518,.502,$566600,Rule 5 Draft
443,Nick Ramirez*\ramirni01,29,DET,13.0,4,0,6,4.15,5.09,-0.45,-0.16,101.5,5.46,2,0.2,.88,0.0,0.3,3,.548,.501,,Free Agency
373,Matt Moore*\moorema02,30,DET,10.0,2,2,0,0.00,4.34,-0.34,0.20,99.6,4.86,5,0.6,,0.0,0.7,6,.809,.504,$2500000,Free Agency
568,Drew VerHagen\verhadr01,28,DET,6.0,10,0,10,15.00,4.68,-0.49,-0.31,106.0,5.15,-7,-0.6,.91,0.0,-0.6,-6,.438,.496,$567400,Amateur Draft
172,Jose Fernandez*\fernajo04,26,DET,3.2,4,0,8,19.64,4.74,-0.60,-0.32,107.3,5.39,-6,-0.5,.60,0.1,-0.4,-5,.371,.497,,Waivers
278,Eduardo Jimenez\jimened01,24,DET,2.1,2,0,3,11.57,4.71,-0.62,-0.31,108.0,5.42,-2,-0.1,.34,0.0,-0.1,-1,.425,.499,,Amateur Free Agent
33,Sandy Baez\baezsa01,25,DET,1.0,1,0,1,9.00,5.90,-0.73,-0.40,108.0,6.73,0,0.0,.08,0.0,0.0,0,.475,.500,,Amateur Free Agent
142,Brandon Dixon\dixonbr01,27,DET,1.0,1,0,2,18.00,5.90,-0.44,-0.40,108.0,6.43,-1,-0.1,.00,0.1,-0.1,-1,.384,.499,,Waivers
558,Jose Urena\urenajo01,27,FLA,65.2,11,11,34,4.66,4.28,-0.09,0.19,93.6,4.26,-2,-0.2,,-0.1,0.4,3,.486,.499,$3200000,Amateur Free Agent
456,Trevor Richards\richatr01,26,FLA,61.1,11,11,26,3.82,4.29,-0.08,0.19,90.5,4.12,3,0.4,,-0.1,0.8,8,.532,.502,$570000,Free Agency
7,Sandy Alcantara\alcansa01,23,FLA,58.0,10,10,33,5.12,4.42,-0.09,0.19,90.6,4.26,-4,-0.4,,-0.1,0.0,0,.457,.497,$555000,Traded
511,Caleb Smith*\smithca03,27,FLA,56.0,10,10,19,3.05,4.32,-0.06,0.19,93.7,4.28,9,1.0,,-0.1,1.4,13,.595,.506,$556500,Traded
317,Pablo Lopez\lopezpa01,23,FLA,51.2,10,10,32,5.57,4.40,-0.08,0.19,94.7,4.43,-6,-0.5,,-0.1,-0.1,-2,.446,.497,$555000,Traded
298,Tyler Kinley\kinlety01,28,FLA,23.0,23,0,13,5.09,4.42,-0.08,-0.30,91.4,3.84,-3,-0.3,.53,0.0,-0.1,-1,.488,.498,$555000,Rule 5 returned
21,Nick Anderson\anderni01,28,FLA,21.2,22,0,13,5.40,4.36,-0.06,-0.30,93.2,3.83,-3,-0.3,1.22,-0.1,-0.3,-2,.485,.498,$555000,Traded
224,Tayron Guerrero\guerrta01,28,FLA,20.2,22,0,8,3.48,4.35,-0.06,-0.30,93.2,3.83,1,0.1,.98,-0.1,0.2,3,.506,.501,$565000,Traded
72,Austin Brice\briceau01,27,FLA,19.2,12,0,7,3.20,4.31,-0.08,-0.30,89.5,3.67,1,0.1,.66,-0.1,0.2,3,.512,.501,$555000,Waivers
117,Adam Conley*\conlead01,29,FLA,19.1,24,0,14,6.52,4.43,-0.08,-0.30,93.2,3.92,-5,-0.5,1.68,-0.2,-0.6,-4,.478,.497,$1125000,Amateur Draft
471,Sergio Romo\romose01,36,FLA,19.0,19,0,11,5.21,4.24,-0.08,-0.29,92.8,3.73,-3,-0.3,1.68,-0.2,-0.3,-1,.486,.498,$2500000,Free Agency
103,Wei-Yin Chen*\chenwe02,33,FLA,18.1,13,0,19,9.33,4.50,-0.09,-0.31,96.9,4.15,-10,-1.0,.54,0.2,-0.6,-9,.425,.494,$20000000,Free Agency
525,Drew Steckenrider\steckdr01,28,FLA,14.1,15,0,10,6.28,4.27,-0.07,-0.29,92.8,3.75,-4,-0.4,1.24,-0.1,-0.3,-3,.475,.498,$575000,Amateur Draft
193,Jarlin Garcia*\garcija04,26,FLA,8.0,6,0,5,5.63,4.39,-0.08,-0.30,99.7,4.15,-1,-0.1,.17,0.0,0.0,-1,.481,.499,,Amateur Free Agent
438,Jose Quijada*\quijajo01,23,FLA,4.0,4,0,1,2.25,5.15,-0.06,-0.36,90.8,4.41,1,0.1,1.35,0.0,0.2,1,.527,.501,,Amateur Free Agent
248,Elieser Hernandez\hernael01,24,FLA,2.0,1,0,2,9.00,3.92,-0.14,-0.27,82.0,3.11,-1,-0.1,.02,0.1,-0.1,-1,.384,.499,,Rule 5 Draft
569,Justin Verlander\verlaju01,36,HOU,79.1,12,12,21,2.38,4.69,0.27,0.21,99.9,4.64,20,2.2,,-0.1,2.9,28,.683,.514,$28000000,Traded
113,Gerrit Cole\colege01,28,HOU,71.2,12,12,36,4.52,4.66,0.25,0.21,99.7,4.61,1,0.1,,-0.1,0.7,8,.506,.500,$13500000,Traded
362,Wade Miley*\mileywa01,32,HOU,62.1,11,11,24,3.47,4.91,0.36,0.22,96.2,4.60,8,0.8,,-0.1,1.4,14,.575,.505,$4500000,Free Agency
411,Brad Peacock\peacobr01,31,HOU,53.2,11,9,20,3.35,4.69,0.30,0.17,98.2,4.47,7,0.7,.69,-0.1,1.1,12,.563,.504,$3110000,Traded
354,Collin McHugh\mchugco01,32,HOU,44.2,10,8,31,6.25,5.00,0.31,0.18,97.7,4.76,-7,-0.7,.17,0.0,-0.3,-3,.430,.496,$5800000,Waivers
272,Josh James\jamesjo02,26,HOU,30.0,20,0,18,5.40,4.87,0.24,-0.32,97.2,4.18,-4,-0.4,.54,0.0,-0.1,-1,.480,.498,$556800,Amateur Draft
400,Roberto Osuna\osunaro01,24,HOU,25.1,25,0,6,2.13,4.80,0.29,-0.32,96.3,4.03,5,0.5,1.32,0.0,0.8,8,.522,.503,$6500000,Traded
434,Ryan Pressly\pressry01,30,HOU,25.1,23,0,1,0.36,4.68,0.27,-0.31,97.7,4.01,10,1.1,1.37,0.1,1.4,13,.546,.507,$2900000,Traded
560,Framber Valdez*\valdefr01,25,HOU,22.0,13,0,10,4.09,4.60,0.34,-0.31,102.0,4.03,0,0.0,.41,-0.1,0.1,2,.499,.500,$566600,Amateur Free Agent
138,Chris Devenski\devench02,28,HOU,19.2,18,0,11,5.03,4.79,0.36,-0.32,96.2,3.95,-2,-0.2,.34,0.0,0.0,0,.487,.499,$1525000,Traded
472,Hector Rondon\rondohe01,31,HOU,19.0,21,0,6,2.84,4.85,0.33,-0.32,98.6,4.14,3,0.3,1.42,0.0,0.5,5,.513,.502,$4500000,Free Agency
234,Will Harris\harriwi10,34,HOU,18.0,20,0,2,1.00,4.74,0.31,-0.32,98.3,4.04,6,0.6,.91,-0.1,0.7,8,.531,.504,$4225000,Waivers
341,Corbin Martin\martico02,23,HOU,16.1,4,4,12,6.61,4.54,0.36,0.21,97.2,4.26,-4,-0.4,,0.0,-0.3,-3,.402,.498,,Amateur Draft
221,Reymin Guduan*\guduare01,27,HOU,2.2,3,0,2,6.75,4.48,0.34,-0.30,110.8,4.26,-1,-0.1,.06,0.0,0.0,0,.476,.500,,Amateur Free Agent
460,Brady Rodgers\rodgebr01,28,HOU,2.0,1,0,1,4.50,4.31,0.29,-0.29,94.0,3.51,0,0.0,.07,0.0,0.0,0,.478,.500,,Amateur Draft
589,Tyler White\whitety01,28,HOU,1.0,1,0,0,0.00,4.08,0.23,-0.27,94.0,3.36,0,0.0,.00,0.0,0.0,0,.538,.500,$582900,Amateur Draft
289,Brad Keller\kellebr01,23,KCR,71.0,12,12,37,4.69,4.49,0.13,0.21,101.4,4.62,-1,-0.1,,-0.1,0.6,7,.495,.500,$578125,Traded
284,Jakob Junis\junisja01,26,KCR,61.1,11,11,41,6.02,4.69,0.14,0.21,101.7,4.85,-8,-0.8,,-0.1,-0.2,-2,.431,.495,$578250,Amateur Draft
316,Jorge Lopez\lopezjo02,26,KCR,51.2,11,10,41,7.14,4.45,0.13,0.18,102.7,4.62,-15,-1.3,.41,0.0,-0.8,-9,.382,.492,$562250,Traded
34,Homer Bailey\baileho02,33,KCR,51.1,11,11,34,5.96,4.59,0.13,0.21,102.7,4.80,-7,-0.6,,-0.1,-0.2,-1,.442,.496,$100000,Free Agency
148,Danny Duffy*\duffyda01,30,KCR,34.2,6,6,15,3.89,4.87,0.13,0.22,101.0,5.01,4,0.4,,0.0,0.8,8,.575,.503,$15250000,Amateur Draft
37,Scott Barlow\barlosc01,26,KCR,27.2,19,0,13,4.23,4.71,0.10,-0.31,100.8,4.33,0,0.0,1.47,-0.1,0.2,3,.502,.500,$650000,Free Agency
415,Wily Peralta\peralwi01,30,KCR,25.0,24,0,14,5.04,4.75,0.14,-0.32,101.9,4.38,-2,-0.2,1.08,-0.1,0.0,1,.492,.499,$2250000,Free Agency
521,Glenn Sparkman\sparkgl01,27,KCR,24.2,9,1,8,2.92,4.97,0.14,-0.17,102.2,4.75,5,0.5,.57,-0.1,0.6,8,.558,.503,,Rule 5 returned
141,Jake Diekman*\diekmja01,32,KCR,23.0,26,0,8,3.13,4.70,0.08,-0.31,102.3,4.41,3,0.3,1.16,-0.1,0.5,6,.513,.502,$2250000,Free Agency
294,Ian Kennedy\kenneia01,34,KCR,21.2,20,0,10,4.15,4.78,0.13,-0.32,101.9,4.41,1,0.1,.93,-0.1,0.2,3,.503,.500,$16500000,Free Agency
62,Brad Boxberger\boxbebr01,31,KCR,20.0,20,0,13,5.85,4.47,0.13,-0.30,103.1,4.17,-4,-0.4,1.19,-0.1,-0.3,-2,.482,.498,$2200000,Free Agency
386,Jake Newberry\newbeja01,24,KCR,16.0,11,0,8,4.50,4.76,0.14,-0.32,99.6,4.29,0,0.0,.65,0.0,0.1,1,.497,.500,,Amateur Draft
175,Heath Fillmyer\fillmhe01,25,KCR,15.0,4,3,15,9.00,4.79,0.17,0.11,101.0,4.78,-7,-0.6,.23,0.0,-0.4,-5,.348,.496,,Traded
322,Richard Lovelady*\lovelri01,23,KCR,12.2,16,0,6,4.26,4.89,0.13,-0.33,101.7,4.51,0,0.0,.54,-0.1,0.1,2,.502,.500,,Amateur Draft
350,Kevin McCarthy\mccarke01,27,KCR,8.2,10,0,8,8.31,4.93,0.17,-0.33,102.6,4.55,-4,-0.4,1.74,-0.2,-0.4,-3,.465,.498,$578250,Amateur Draft
255,Tim Hill*\hillti01,29,KCR,4.0,6,0,3,6.75,5.18,0.13,-0.35,100.2,4.71,-1,-0.1,1.71,0.0,-0.1,0,.485,.499,$573175,Amateur Draft
614,Kyle Zimmer\zimmeky01,27,KCR,2.0,3,0,2,9.00,4.58,0.13,-0.31,106.8,4.42,-1,-0.1,.60,0.0,-0.1,-1,.467,.499,$555000,Free Agency
404,Chris Owings\owingch01,27,KCR,1.2,1,0,4,21.60,4.28,0.28,-0.29,104.0,3.86,-3,-0.2,.00,0.1,-0.1,-3,.252,.498,$3000000,Free Agency
160,Chris Ellis\ellisch01,26,KCR,1.0,1,0,0,0.00,4.30,0.17,-0.29,104.0,4.00,0,0.0,.15,0.0,0.0,1,.546,.500,$555000,Purchased
314,Ben Lively\livelbe01,27,KCR,1.0,1,0,3,27.00,4.71,0.22,-0.32,104.0,4.35,-3,-0.2,.32,0.1,-0.1,-2,.297,.499,,Waivers
179,Brian Flynn*\flynnbr01,29,KCR,0.1,1,0,0,0.00,4.29,0.14,-0.30,98.0,3.78,0,0.0,2.92,0.0,0.0,0,.514,.500,$800000,Traded
482,Hyun-Jin Ryu*\ryuhy01,32,LAD,65.1,10,10,12,1.65,4.32,0.64,0.19,95.4,3.68,16,1.8,,-0.1,2.3,21,.682,.511,$17900000,Free Agency
330,Kenta Maeda\maedake01,31,LAD,56.1,10,10,23,3.67,4.35,0.65,0.19,97.6,3.79,2,0.2,,-0.1,0.6,6,.520,.501,$3125000,Free Agency
77,Walker Buehler\buehlwa01,24,LAD,55.1,10,10,26,4.23,4.32,0.68,0.19,99.3,3.80,-1,-0.1,,-0.1,0.3,2,.485,.499,$570000,Amateur Draft
295,Clayton Kershaw*\kershcl01,31,LAD,52.0,8,8,20,3.46,4.51,0.67,0.20,93.7,3.79,3,0.3,,-0.1,0.7,7,.539,.502,$31000000,Amateur Draft
535,Ross Stripling\stripro01,29,LAD,42.0,14,6,16,3.43,4.52,0.68,0.10,95.6,3.76,2,0.2,.59,-0.1,0.6,5,.518,.502,$595000,Amateur Draft
254,Rich Hill*\hillri01,39,LAD,33.0,6,6,14,3.82,4.57,0.65,0.20,95.0,3.91,1,0.1,,0.0,0.4,3,.518,.501,$18666666,Traded
559,Julio Urias*\uriasju01,22,LAD,30.1,10,4,11,3.26,4.35,0.64,0.02,101.0,3.77,2,0.2,1.13,-0.1,0.5,4,.524,.501,$565000,Amateur Free Agent
32,Pedro Baez\baezpe01,31,LAD,23.1,24,0,14,5.40,4.54,0.64,-0.31,97.5,3.50,-4,-0.4,1.52,-0.2,-0.4,-3,.482,.497,$2100000,Amateur Free Agent
273,Kenley Jansen\janseke01,31,LAD,23.0,22,0,11,4.30,4.41,0.57,-0.30,96.6,3.41,-2,-0.2,1.94,-0.2,-0.1,0,.492,.499,$19333334,Free Agency
195,Yimi Garcia\garciyi01,28,LAD,21.2,22,0,13,5.40,4.52,0.63,-0.31,99.1,3.54,-4,-0.4,.64,0.0,-0.2,-2,.482,.498,$710000,Amateur Free Agent
178,Dylan Floro\florody01,28,LAD,21.0,22,0,9,3.86,4.56,0.76,-0.31,97.0,3.38,-1,-0.1,1.63,-0.1,0.0,1,.497,.500,$565000,Traded
292,Joe Kelly\kellyjo05,31,LAD,18.1,19,0,18,8.84,4.42,0.81,-0.30,99.8,3.30,-11,-1.1,.76,0.1,-0.8,-10,.444,.493,$3333333,Free Agency
171,Caleb Ferguson*\ferguca01,22,LAD,16.2,17,1,11,5.94,4.61,0.73,-0.23,99.2,3.61,-4,-0.4,.82,0.0,-0.3,-3,.477,.498,$560000,Amateur Draft
9,Scott Alexander*\alexasc02,29,LAD,15.1,25,0,6,3.52,4.95,0.79,-0.34,95.5,3.64,1,0.1,1.34,0.0,0.2,2,.502,.500,$575000,Traded
492,Dennis Santana\santade01,23,LAD,5.0,3,0,4,7.20,4.35,0.72,-0.30,111.0,3.70,-2,-0.2,.70,0.0,-0.1,-1,.441,.499,,Amateur Free Agent
527,Brock Stewart\stewabr01,27,LAD,4.0,3,0,8,18.00,4.25,0.96,-0.29,102.0,3.06,-7,-0.6,.07,0.2,-0.3,-6,.316,.497,$565000,Amateur Draft
496,Jaime Schultz\schulja02,28,LAD,3.0,3,0,0,0.00,4.87,0.48,-0.34,92.7,3.75,1,0.1,.11,-0.1,0.1,2,.546,.501,,Traded
100,JT Chargois\chargjt01,28,LAD,1.2,2,0,2,10.80,5.25,0.87,-0.36,94.0,3.77,-1,-0.1,.09,0.1,-0.1,-1,.439,.499,,Waivers
342,Russell Martin\martiru01,36,LAD,1.0,1,0,0,0.00,4.33,0.72,-0.30,92.0,3.05,0,0.0,.00,0.0,0.0,0,.538,.500,$20000000,Traded
604,Brandon Woodruff\woodrbr01,26,MIL,64.1,11,11,23,3.22,4.72,0.34,0.21,102.0,4.67,12,1.3,,-0.1,1.8,16,.617,.508,$561400,Amateur Draft
128,Zach Davies\davieza02,26,MIL,61.2,11,11,20,2.92,4.76,0.42,0.21,102.3,4.65,13,1.5,,-0.1,1.9,18,.632,.509,$2600000,Traded
97,Jhoulys Chacin\chacijh01,31,MIL,55.1,11,11,31,5.04,4.64,0.42,0.20,102.4,4.54,-2,-0.2,,-0.1,0.2,2,.482,.499,$6750000,Free Agency
413,Freddy Peralta\peralfr01,23,MIL,34.2,9,6,27,7.01,4.43,0.42,0.14,104.5,4.33,-10,-0.9,.93,0.0,-0.6,-7,.401,.494,$564600,Traded
82,Corbin Burnes\burneco01,24,MIL,32.0,14,4,34,9.56,4.77,0.39,-0.03,102.2,4.44,-18,-1.6,1.33,-0.2,-1.5,-15,.385,.490,$562800,Amateur Draft
211,Gio Gonzalez*\gonzagi01,33,MIL,31.0,6,6,11,3.19,4.64,0.39,0.20,100.4,4.47,5,0.5,,0.0,0.8,7,.591,.503,$2000000,Free Agency
223,Junior Guerra\guerrju02,34,MIL,29.0,24,0,9,2.79,4.77,0.36,-0.33,102.6,4.19,5,0.5,1.42,0.0,0.8,7,.522,.503,$2225000,Waivers
17,Chase Anderson\anderch01,31,MIL,27.2,9,4,11,3.58,4.91,0.38,0.01,98.7,4.49,3,0.4,.40,-0.1,0.5,5,.539,.502,$6500000,Traded
226,Josh Hader*\haderjo01,25,MIL,27.0,20,0,7,2.33,4.80,0.20,-0.33,102.1,4.36,7,0.7,2.37,0.4,1.3,9,.535,.504,$687600,Traded
5,Matt Albers\alberma01,36,MIL,22.0,22,0,11,4.50,4.86,0.36,-0.33,101.4,4.22,0,0.0,1.02,-0.1,0.1,1,.499,.500,$2500000,Free Agency
108,Alex Claudio*\claudal01,27,MIL,21.1,29,0,16,6.75,4.94,0.44,-0.34,102.0,4.25,-5,-0.6,1.43,-0.2,-0.6,-4,.481,.497,$1275000,Traded
262,Adrian Houser\housead01,26,MIL,17.1,9,2,7,3.63,4.61,0.38,-0.20,101.2,4.08,1,0.1,.95,-0.1,0.2,2,.514,.501,,Traded
38,Jacob Barnes\barneja01,29,MIL,15.2,16,1,14,8.04,4.94,0.41,-0.30,99.5,4.21,-6,-0.6,.45,0.1,-0.4,-5,.461,.496,$567600,Amateur Draft
274,Jeremy Jeffress\jeffrje01,31,MIL,15.2,15,0,5,2.87,4.60,0.34,-0.32,102.0,4.03,2,0.2,1.10,0.0,0.3,3,.516,.501,$3175000,Traded
596,Alex Wilson\wilsoal01,32,MIL,11.1,13,0,12,9.53,4.92,0.42,-0.34,100.9,4.20,-6,-0.6,1.02,0.0,-0.6,-6,.451,.496,$750000,Free Agency
594,Taylor Williams\willita01,27,MIL,10.1,6,0,7,6.10,4.68,0.43,-0.32,104.0,4.08,-2,-0.2,.85,0.0,-0.1,-1,.465,.499,$563800,Amateur Draft
423,Jake Petricka\petrija01,31,MIL,8.0,6,0,3,3.38,5.22,0.46,-0.36,94.3,4.15,1,0.1,.18,-0.1,0.1,1,.515,.501,,Free Agency
592,Aaron Wilkerson\wilkeaa01,30,MIL,7.1,3,0,6,7.36,5.19,0.46,-0.36,95.7,4.19,-2,-0.2,.83,0.0,-0.2,-2,.423,.499,,Traded
235,Donnie Hart*\hartdo01,28,MIL,6.2,4,0,0,0.00,4.48,0.38,-0.31,104.0,3.94,3,0.3,.38,-0.1,0.3,4,.582,.502,,Waivers
510,Burch Smith\smithbu03,29,MIL,5.2,3,0,1,1.59,4.41,0.38,-0.30,104.0,3.88,2,0.2,.94,0.0,0.2,2,.555,.501,,Free Agency
270,Jay Jackson\jacksja01,31,MIL,2.1,3,0,5,19.29,3.86,0.52,-0.27,104.0,3.19,-4,-0.4,.28,0.1,-0.2,-4,.375,.498,,Free Agency
417,Hernan Perez\perezhe01,28,MIL,1.0,1,0,0,0.00,4.39,0.14,-0.31,104.0,4.11,0,0.1,.00,0.0,0.0,1,.550,.500,$2500000,Waivers
51,Jose Berrios\berrijo01,25,MIN,70.1,11,11,28,3.58,4.35,0.53,0.20,99.7,4.02,3,0.3,,-0.1,1.0,11,.531,.502,$620000,Amateur Draft
425,Michael Pineda\pinedmi01,30,MIN,59.0,11,11,36,5.49,4.58,0.54,0.21,98.6,4.19,-9,-0.8,,-0.1,-0.3,-2,.427,.495,$8000000,Free Agency
396,Jake Odorizzi\odorija01,29,MIN,58.1,11,11,15,2.31,4.65,0.44,0.21,98.1,4.34,13,1.4,,-0.1,1.9,19,.629,.509,$9500000,Traded
418,Martin Perez*\perezma02,28,MIN,58.0,11,8,20,3.10,4.50,0.49,0.13,97.9,4.06,6,0.6,.49,-0.1,1.1,12,.558,.504,$3500000,Free Agency
203,Kyle Gibson\gibsoky01,31,MIN,57.1,10,10,30,4.71,4.52,0.49,0.21,97.4,4.13,-4,-0.4,,-0.1,0.1,2,.464,.498,$8125000,Amateur Draft
469,Taylor Rogers*\rogerta01,28,MIN,22.2,21,0,6,2.38,4.39,0.48,-0.29,100.6,3.64,3,0.3,1.52,0.0,0.6,6,.515,.502,$1525000,Amateur Draft
233,Ryne Harper\harpery01,30,MIN,22.1,22,0,4,1.61,4.57,0.48,-0.31,98.5,3.73,5,0.5,.79,-0.1,0.6,8,.524,.503,$555000,Free Agency
347,Trevor May\maytr01,29,MIN,19.0,24,0,8,3.79,4.47,0.48,-0.30,98.5,3.64,0,0.0,.83,-0.1,0.1,2,.499,.500,$900000,Traded
408,Blake Parker\parkebl01,34,MIN,18.1,19,0,4,1.96,4.42,0.46,-0.30,99.4,3.65,3,0.3,1.33,0.0,0.5,5,.518,.502,$1800000,Free Agency
253,Trevor Hildenberger\hildetr01,28,MIN,14.0,19,0,13,8.36,4.22,0.63,-0.28,99.5,3.28,-8,-0.8,2.01,-0.4,-1.1,-6,.460,.495,$572500,Amateur Draft
147,Tyler Duffey\duffety01,28,MIN,13.2,10,0,8,5.27,4.73,0.46,-0.32,96.4,3.81,-2,-0.2,.35,0.0,-0.1,-1,.478,.499,,Amateur Draft
331,Matt Magill\magilma01,29,MIN,12.2,13,0,2,1.42,4.60,0.41,-0.31,98.6,3.82,3,0.3,.57,-0.1,0.4,5,.526,.502,$560000,Free Agency
528,Kohl Stewart\stewako01,24,MIN,12.0,2,2,8,6.00,4.39,0.64,0.20,96.9,3.83,-3,-0.3,,0.0,-0.2,-2,.371,.498,,Amateur Draft
358,Adalberto Mejia*\mejiaad01,26,MIN,11.1,11,0,12,9.53,4.52,0.49,-0.30,100.1,3.73,-7,-0.7,.95,0.0,-0.6,-6,.437,.496,$560000,Traded
376,Mike Morin\morinmi01,28,MIN,9.1,10,0,1,0.96,4.77,0.50,-0.32,97.3,3.84,3,0.3,.69,-0.1,0.3,4,.530,.502,,Free Agency
470,Fernando Romero\romerfe01,24,MIN,8.0,7,0,5,5.63,4.75,0.52,-0.32,98.7,3.86,-2,-0.2,.10,0.0,0.0,-1,.478,.499,,Amateur Free Agent
509,Devin Smeltzer*\smeltde01,23,MIN,6.0,1,1,0,0.00,4.87,0.38,0.22,100.0,4.72,3,0.4,,0.0,0.4,4,.862,.502,,
1,Austin Adams\adamsau01,32,MIN,2.2,2,0,5,16.88,5.06,0.46,-0.34,94.3,4.02,-4,-0.3,.00,0.2,-0.1,-4,.338,.498,,Free Agency
313,Zack Littell\litteza01,23,MIN,2.0,1,0,0,0.00,4.31,0.35,-0.29,100.0,3.67,1,0.1,.07,0.0,0.1,1,.586,.501,,Traded
134,Chase De Jong\dejonch01,25,MIN,1.0,1,0,4,36.00,5.00,1.04,-0.33,84.0,3.04,-4,-0.3,.00,0.1,-0.1,-4,.233,.498,,Traded
562,Andrew Vasquez*\vasquan02,25,MIN,0.0,1,0,3,,,,,,,,,,0.0,,,,,,Amateur Draft
588,Zack Wheeler\wheelza01,29,NYM,70.0,11,11,36,4.63,4.28,-0.58,0.19,94.0,4.74,2,0.2,,-0.1,0.8,7,.522,.502,$5975000,Traded
544,Noah Syndergaard\syndeno01,26,NYM,69.1,11,11,41,5.32,4.45,-0.60,0.19,91.8,4.81,-3,-0.3,,-0.1,0.3,2,.477,.498,$6000000,Traded
136,Jacob deGrom\degroja01,31,NYM,63.0,11,11,27,3.86,4.55,-0.56,0.20,89.0,4.72,7,0.8,,-0.1,1.3,12,.571,.505,$9000000,Amateur Draft
346,Steven Matz*\matzst01,28,NYM,50.2,10,10,24,4.26,4.63,-0.61,0.20,90.0,4.90,5,0.5,,-0.1,0.9,8,.549,.503,$2625000,Amateur Draft
220,Robert Gsellman\gsellro01,25,NYM,32.2,24,0,16,4.41,4.54,-0.61,-0.31,92.0,4.45,1,0.1,1.36,-0.1,0.3,3,.504,.501,$582500,Amateur Draft
561,Jason Vargas*\vargaja01,36,NYM,29.1,8,7,17,5.22,4.30,-0.68,0.17,88.1,4.54,-2,-0.2,.01,0.0,0.1,0,.480,.499,$8000000,Free Agency
326,Seth Lugo\lugose01,29,NYM,26.0,19,0,13,4.50,4.51,-0.53,-0.31,93.1,4.40,0,0.0,1.19,-0.1,0.2,2,.501,.500,$591875,Amateur Draft
139,Edwin Diaz\diazed04,25,NYM,22.0,24,0,4,1.64,4.48,-0.46,-0.31,88.9,4.11,7,0.7,1.59,0.1,1.0,8,.528,.504,$607425,Traded
165,Jeurys Familia\familje01,29,NYM,21.2,22,0,14,5.82,4.46,-0.58,-0.31,90.3,4.28,-3,-0.3,1.29,-0.1,-0.3,-2,.485,.498,$6666666,Free Agency
189,Drew Gagnon\gagnodr01,29,NYM,16.0,10,0,10,5.63,4.35,-0.69,-0.14,97.2,4.76,-1,-0.1,1.44,-0.1,0.0,0,.488,.499,,Free Agency
43,Tyler Bashlor\bashlty01,26,NYM,11.0,11,0,6,4.91,4.35,-0.53,-0.30,92.8,4.25,-1,-0.1,1.14,0.0,0.0,0,.495,.500,,Amateur Draft
31,Luis Avilan*\avilalu01,29,NYM,10.2,11,0,11,9.28,4.58,-0.72,-0.31,93.0,4.64,-5,-0.5,.37,0.1,-0.3,-5,.453,.497,$1600000,Free Agency
598,Justin Wilson*\wilsoju10,31,NYM,9.1,10,0,6,5.79,4.56,-0.60,-0.31,95.8,4.64,-1,-0.1,1.54,-0.1,-0.1,0,.490,.499,$5000000,Free Agency
499,Paul Sewald\sewalpa01,29,NYM,7.0,4,0,3,3.86,4.41,-0.63,-0.30,97.9,4.63,1,0.1,.10,-0.1,0.1,1,.519,.500,,Amateur Draft
401,Corey Oswalt\oswalco01,25,NYM,6.2,2,0,9,12.15,4.52,-0.72,-0.03,95.8,4.99,-5,-0.4,.98,0.0,-0.4,-5,.290,.497,,Amateur Draft
421,Tim Peterson\peterti01,28,NYM,6.1,5,0,2,2.84,4.54,-0.62,-0.31,90.0,4.37,1,0.1,.71,0.0,0.1,2,.525,.501,$555000,Amateur Draft
613,Daniel Zamora*\zamorda01,26,NYM,6.0,11,0,4,6.00,4.85,-0.66,-0.33,90.7,4.69,-1,-0.1,1.73,0.0,-0.1,0,.493,.500,,Traded
177,Chris Flexen\flexech01,24,NYM,5.2,2,1,8,12.71,5.11,-0.92,0.09,96.9,5.93,-4,-0.4,2.29,-0.1,-0.4,-4,.323,.498,,Amateur Draft
454,Jacob Rhame\rhameja01,26,NYM,3.1,3,0,3,8.10,4.57,-0.63,-0.31,88.1,4.31,-1,-0.1,.03,0.1,-0.1,-1,.456,.499,,Traded
494,Hector Santiago*\santihe01,31,NYM,3.0,2,0,0,0.00,3.31,-0.49,-0.23,84.0,2.99,1,0.1,1.45,0.0,0.2,1,.556,.501,$100000,Free Agency
394,Ryan O'Rourke*\orourry01,31,NYM,1.1,2,0,0,0.00,4.43,-0.30,-0.30,94.0,4.16,1,0.1,2.39,0.0,0.1,1,.534,.500,,Free Agency
546,Masahiro Tanaka\tanakma01,30,NYY,70.1,12,12,28,3.58,4.49,-0.18,0.21,99.3,4.84,10,1.0,,-0.1,1.6,17,.586,.506,$22000000,Free Agency
202,Domingo German\germado01,26,NYY,60.1,11,10,26,3.88,4.29,-0.17,0.18,98.9,4.59,5,0.5,1.34,-0.1,1.0,11,.544,.503,$577500,Free Agency
231,J.A. Happ*\happja01,36,NYY,58.1,11,11,33,5.09,4.47,-0.18,0.20,99.3,4.82,-2,-0.2,,-0.1,0.3,4,.484,.499,$17000000,Traded
483,CC Sabathia*\sabatc.01,38,NYY,41.1,8,8,19,4.14,4.56,-0.18,0.21,100.1,4.96,4,0.4,,0.0,0.8,8,.548,.502,$8000000,Free Agency
410,James Paxton*\paxtoja01,30,NYY,37.2,7,7,15,3.58,4.49,-0.14,0.21,97.9,4.74,5,0.5,,0.0,0.8,9,.572,.503,$8575000,Traded
96,Luis Cessa\cessalu01,27,NYY,25.2,15,0,10,3.51,4.45,-0.16,-0.30,99.5,4.29,2,0.2,1.06,-0.1,0.4,5,.515,.501,$578975,Traded
258,Jonathan Holder\holdejo02,26,NYY,25.2,21,0,15,5.26,4.39,-0.17,-0.29,99.6,4.25,-3,-0.3,1.37,-0.1,-0.2,0,.486,.498,$580300,Amateur Draft
403,Adam Ottavino\ottavad01,33,NYY,25.1,24,0,4,1.42,4.45,-0.13,-0.30,99.1,4.24,8,0.8,1.70,0.2,1.3,11,.534,.505,$9000000,Free Agency
73,Zack Britton*\brittza01,31,NYY,24.1,25,0,6,2.22,4.42,-0.16,-0.30,98.9,4.24,5,0.6,1.41,0.0,0.8,8,.522,.503,$13000000,Free Agency
286,Tommy Kahnle\kahnlto01,29,NYY,22.0,25,0,6,2.45,4.52,-0.13,-0.30,99.0,4.31,5,0.5,1.22,0.0,0.7,7,.518,.503,$1387000,Traded
99,Aroldis Chapman*\chapmar01,31,NYY,21.2,23,0,5,2.08,4.35,-0.14,-0.29,99.2,4.16,5,0.5,1.59,0.1,0.8,7,.522,.503,$17200000,Free Agency
216,Chad Green\greench03,28,NYY,14.1,16,3,19,11.93,4.38,-0.21,-0.29,99.4,4.27,-12,-1.1,1.04,-0.1,-1.1,-11,.428,.493,$598650,Traded
315,Jonathan Loaisiga\loaisjo01,24,NYY,14.0,4,3,7,4.50,4.62,-0.18,0.10,98.2,4.81,0,0.0,.32,0.0,0.2,2,.512,.500,$560550,Free Agency
121,Nestor Cortes Jr.*\cortene01,24,NYY,10.0,3,0,6,5.40,4.57,-0.17,-0.10,100.3,4.65,-1,-0.1,.51,0.0,0.0,0,.473,.499,,Rule 5 returned
237,Joe Harvey\harvejo01,27,NYY,10.0,9,0,6,5.40,4.74,-0.18,-0.32,98.0,4.51,-1,-0.1,.27,0.0,0.0,0,.489,.499,$555000,Amateur Draft
227,David Hale\haleda02,31,NYY,8.0,2,0,3,3.38,4.30,-0.18,-0.05,100.0,4.44,1,0.1,.52,0.0,0.2,2,.548,.501,,Free Agency
3,Chance Adams\adamsch01,24,NYY,7.0,2,0,3,3.86,4.43,-0.17,-0.01,102.3,4.69,1,0.1,.44,0.0,0.1,1,.533,.500,$556725,Amateur Draft
547,Stephen Tarpley*\tarplst01,26,NYY,4.1,6,0,5,10.38,4.77,-0.18,-0.32,98.7,4.58,-3,-0.3,.53,0.0,-0.2,-2,.455,.498,$557250,Traded
41,Jake Barrett\barreja01,27,NYY,3.2,2,0,6,14.73,5.25,-0.22,-0.35,100.0,5.11,-4,-0.3,.23,0.1,-0.2,-4,.334,.498,,Waivers
370,Frankie Montas\montafr02,26,OAK,64.0,11,11,26,3.66,4.47,0.12,0.20,96.5,4.40,5,0.5,,-0.1,1.1,12,.550,.503,$560000,Traded
174,Mike Fiers\fiersmi01,34,OAK,63.0,12,12,35,5.00,4.65,0.13,0.21,96.4,4.57,-3,-0.3,,-0.1,0.3,4,.475,.498,$6000000,Traded
16,Brett Anderson*\anderbr04,31,OAK,60.2,11,11,27,4.01,4.60,0.14,0.21,96.2,4.49,3,0.3,,-0.1,0.9,10,.530,.502,$1500000,Free Agency
45,Chris Bassitt\bassich01,30,OAK,41.1,7,7,15,3.27,4.25,0.10,0.19,96.4,4.18,4,0.4,,0.0,0.8,9,.562,.503,$565000,Traded
74,Aaron Brooks\brookaa01,29,OAK,36.1,8,6,25,6.19,4.62,0.13,0.20,95.1,4.45,-7,-0.7,.49,0.0,-0.3,-3,.418,.496,$560000,Purchased
245,Liam Hendriks\hendrli01,30,OAK,29.2,23,1,4,1.21,4.74,0.10,-0.32,93.6,4.05,9,1.0,.96,-0.1,1.1,12,.542,.506,$2150000,Traded
422,Yusmeiro Petit\petityu01,34,OAK,29.1,26,0,7,2.15,4.66,0.12,-0.31,95.2,4.02,6,0.6,1.20,0.0,0.9,9,.524,.504,$5500000,Free Agency
518,Joakim Soria\soriajo01,35,OAK,26.2,25,0,14,4.73,4.72,0.11,-0.32,94.1,4.03,-2,-0.2,1.30,-0.1,-0.1,1,.492,.499,$6500000,Free Agency
554,Blake Treinen\treinbl01,31,OAK,26.1,21,0,9,3.08,4.61,0.11,-0.31,94.3,3.95,3,0.3,2.22,0.1,0.6,5,.512,.502,$6400000,Traded
555,Lou Trivino\trivilo01,27,OAK,26.0,25,0,7,2.42,4.68,0.10,-0.31,95.2,4.06,5,0.5,1.44,0.0,0.8,7,.519,.503,$557500,Amateur Draft
164,Marco Estrada\estrama01,35,OAK,23.2,5,5,19,7.23,4.86,0.15,0.22,92.1,4.54,-7,-0.6,,0.0,-0.4,-5,.374,.496,$4000000,Free Agency
587,J.B. Wendelken\wendejb01,26,OAK,21.0,18,0,14,6.00,4.82,0.12,-0.32,94.9,4.16,-4,-0.4,1.03,-0.1,-0.3,-2,.477,.497,$557500,Traded
76,Ryan Buchter*\buchtry01,32,OAK,17.1,27,0,8,4.15,4.85,0.10,-0.32,94.1,4.16,0,0.0,1.29,-0.1,0.1,2,.500,.500,$1400000,Traded
360,Daniel Mengden\mengdda01,26,OAK,16.1,3,3,6,3.31,4.19,0.12,0.19,96.5,4.11,1,0.2,,0.0,0.3,3,.550,.501,,Traded
461,Fernando Rodney\rodnefe01,42,OAK,14.1,17,0,15,9.42,4.84,0.13,-0.32,93.9,4.12,-8,-0.8,.68,0.1,-0.6,-7,.452,.495,$5250000,Traded
150,Ryan Dull\dullry01,29,OAK,7.0,6,0,8,10.29,4.62,0.17,-0.31,95.0,3.94,-5,-0.5,.35,0.1,-0.3,-4,.423,.497,$860000,Amateur Draft
579,Wei-Chung Wang*\wangwe01,27,OAK,2.0,1,0,0,0.00,4.70,0.13,-0.32,90.0,3.83,1,0.1,.48,0.0,0.1,1,.590,.501,,Free Agency
374,Kendrys Morales\moralke01,36,OAK,1.0,1,0,1,9.00,4.45,0.16,-0.30,90.0,3.59,-1,-0.1,.00,0.0,0.0,0,.443,.500,$12000000,Traded
29,Jake Arrieta\arrieja01,33,PHI,70.0,11,11,31,3.99,4.63,-0.11,0.20,101.3,5.00,9,1.0,,-0.1,1.5,14,.592,.506,$25000000,Free Agency
157,Zach Eflin\eflinza01,25,PHI,65.2,11,11,24,3.29,4.47,-0.12,0.20,105.0,5.02,14,1.6,,-0.1,2.1,19,.641,.510,$590000,Traded
389,Aaron Nola\nolaaa01,26,PHI,57.2,11,11,30,4.68,4.34,-0.11,0.19,107.9,5.00,3,0.3,,-0.1,0.8,7,.531,.502,$4500000,Amateur Draft
158,Jerad Eickhoff\eickhje01,28,PHI,42.0,8,7,18,3.86,4.53,-0.10,0.15,108.3,5.19,7,0.8,.11,-0.1,1.1,10,.596,.505,$975000,Traded
564,Vince Velasquez\velasvi01,27,PHI,33.0,9,6,17,4.64,4.42,-0.11,0.14,102.0,4.76,1,0.1,.55,0.0,0.4,3,.513,.501,$2249000,Traded
383,Hector Neris\nerishe01,30,PHI,23.2,23,0,6,2.28,4.33,-0.08,-0.30,107.3,4.42,6,0.6,1.72,0.1,1.0,8,.528,.504,$1800000,Amateur Free Agent
426,Nick Pivetta\pivetni01,26,PHI,23.1,5,5,21,8.10,4.88,-0.13,0.21,106.0,5.54,-6,-0.6,,0.0,-0.4,-5,.387,.497,$598000,Traded
143,Seranthony Dominguez\dominse01,24,PHI,22.1,24,0,13,5.24,4.41,-0.10,-0.30,104.3,4.39,-2,-0.2,1.30,-0.1,-0.1,0,.493,.499,$564000,Amateur Free Agent
388,Juan Nicasio\nicasju01,32,PHI,22.0,18,0,12,4.91,4.36,-0.12,-0.30,103.3,4.32,-1,-0.1,.97,-0.1,0.0,1,.494,.499,$9250000,Traded
15,Jose Alvarez*\alvarjo02,30,PHI,20.2,22,0,11,4.79,4.55,-0.12,-0.31,104.8,4.57,0,0.0,.90,-0.1,0.1,1,.500,.500,$1925000,Traded
375,Adam Morgan*\morgaad01,29,PHI,18.1,24,0,4,1.96,4.50,-0.09,-0.31,105.9,4.54,6,0.6,1.63,0.1,0.9,7,.524,.504,$1100000,Amateur Draft
268,Cole Irvin*\irvinco01,25,PHI,17.2,3,3,12,6.11,4.07,-0.12,0.18,104.7,4.57,-3,-0.3,,0.0,-0.1,-1,.416,.498,,Amateur Draft
384,Pat Neshek\neshepa01,38,PHI,17.1,19,0,10,5.19,4.41,-0.14,-0.30,106.0,4.51,-1,-0.1,1.10,-0.1,0.0,0,.495,.499,$7750000,Free Agency
192,Edgar Garcia\garcied01,22,PHI,11.1,11,0,4,3.18,4.72,-0.11,-0.32,103.0,4.64,2,0.2,.51,-0.1,0.2,3,.520,.501,,Amateur Free Agent
446,Edubray Ramos\ramosed02,26,PHI,9.2,12,0,6,5.59,4.43,-0.12,-0.31,103.4,4.40,-1,-0.1,.72,0.0,0.0,0,.491,.499,$573500,Free Agency
129,Austin Davis*\davisau01,26,PHI,7.0,4,0,3,3.86,4.44,-0.11,-0.31,115.9,4.92,1,0.1,.32,-0.1,0.1,1,.525,.501,,Amateur Draft
135,Enyel De Los Santos\delosen01,23,PHI,7.0,4,0,5,6.43,4.49,-0.10,-0.31,104.9,4.50,-1,-0.1,.17,0.0,0.0,-1,.466,.499,,Traded
458,David Robertson\roberda08,34,PHI,6.2,7,0,4,5.40,4.80,-0.12,-0.33,101.2,4.64,0,0.0,1.34,0.0,0.0,0,.494,.500,$10000000,Free Agency
19,Drew Anderson\anderdr02,25,PHI,6.0,2,0,5,7.50,5.00,-0.11,-0.34,89.9,4.29,-2,-0.2,.61,0.0,-0.1,-2,.406,.499,,Amateur Draft
25,Victor Arano\aranovi01,24,PHI,4.2,3,0,2,3.86,4.31,-0.06,-0.30,95.0,3.87,0,0.0,1.12,0.0,0.0,0,.504,.500,,Traded
13,Aaron Altherr\altheaa01,28,PHI,1.0,1,0,1,9.00,4.53,-0.12,-0.32,106.0,4.59,0,0.0,.00,0.0,0.0,0,.454,.500,$1350000,Amateur Draft
229,J.D. Hammer\hammejd01,24,PHI,1.0,1,0,0,0.00,4.67,-0.07,-0.32,104.0,4.60,1,0.1,.05,0.0,0.0,1,.556,.500,,Traded
382,Joe Musgrove\musgrjo01,26,PIT,59.0,11,10,35,5.34,4.58,-0.27,0.18,97.9,4.92,-2,-0.2,1.12,-0.1,0.3,3,.486,.499,$582500,Traded
327,Jordan Lyles\lylesjo01,28,PIT,55.1,10,10,20,3.25,4.47,-0.23,0.20,98.1,4.81,11,1.2,,-0.1,1.6,15,.617,.507,$2050000,Free Agency
595,Trevor Williams\willitr01,27,PIT,54.0,9,9,21,3.50,4.65,-0.27,0.20,98.5,5.04,10,1.1,,-0.1,1.6,14,.627,.507,$584000,Traded
27,Chris Archer\archech01,30,PIT,40.2,8,8,28,6.20,4.64,-0.25,0.20,97.2,4.95,-5,-0.5,,0.0,-0.2,-2,.442,.497,$7666667,Traded
545,Jameson Taillon\taillja01,27,PIT,37.1,7,7,24,5.79,4.44,-0.28,0.19,104.2,5.12,-2,-0.2,,0.0,0.1,1,.472,.499,$587500,Amateur Draft
297,Nick Kingham\kinghni01,27,PIT,29.1,12,3,27,8.28,4.35,-0.29,-0.02,98.9,4.57,-12,-1.1,1.43,-0.2,-1.0,-9,.410,.493,$569000,Amateur Draft
68,Steven Brault*\braulst01,27,PIT,25.1,8,2,20,7.11,4.78,-0.27,-0.05,96.3,4.82,-6,-0.6,.65,0.0,-0.4,-4,.429,.496,$574500,Traded
312,Francisco Liriano*\liriafr01,35,PIT,24.2,23,0,3,1.09,4.70,-0.21,-0.32,96.4,4.42,10,1.0,.96,-0.1,1.1,11,.544,.506,$100000,Free Agency
563,Felipe Vazquez*\riverfe01,27,PIT,23.0,21,0,5,1.96,4.57,-0.20,-0.31,101.4,4.52,7,0.7,1.79,0.2,1.2,9,.535,.505,$4500000,Traded
466,Richard Rodriguez\rodriri05,29,PIT,21.0,24,0,14,6.00,4.46,-0.28,-0.31,99.2,4.40,-3,-0.3,1.23,-0.1,-0.3,-2,.486,.498,$650000,Free Agency
124,Kyle Crick\crickky01,26,PIT,17.2,19,0,4,2.04,4.73,-0.21,-0.33,98.2,4.53,5,0.5,1.65,0.1,0.8,7,.529,.503,$581500,Traded
170,Michael Feliz\felizmi01,26,PIT,12.0,12,1,12,9.00,4.48,-0.24,-0.31,99.7,4.39,-6,-0.6,.50,0.1,-0.4,-5,.452,.496,$850000,Traded
288,Keone Kela\kelake01,26,PIT,11.2,14,0,6,4.63,4.59,-0.26,-0.32,99.6,4.52,0,0.0,1.60,0.0,0.1,1,.501,.500,$3175000,Traded
261,Clay Holmes\holmecl01,26,PIT,10.1,5,0,5,4.35,4.74,-0.24,-0.33,96.6,4.49,0,0.0,.20,0.0,0.1,1,.508,.500,,Amateur Draft
81,Nick Burdi\burdini01,26,PIT,8.2,11,0,9,9.35,4.44,-0.20,-0.31,100.6,4.36,-5,-0.5,1.36,-0.1,-0.5,-4,.459,.497,$559000,Traded
153,Montana DuRapau\durapmo01,27,PIT,8.2,8,2,10,10.38,4.65,-0.27,-0.20,95.3,4.49,-5,-0.5,.31,0.1,-0.3,-5,.434,.497,,Amateur Draft
236,Geoff Hartlieb\hartlge01,25,PIT,6.0,5,0,10,15.00,4.61,-0.36,-0.32,100.2,4.67,-7,-0.6,.62,0.1,-0.5,-6,.377,.496,,Amateur Draft
131,Rookie Davis\davisro03,26,PIT,4.2,2,0,2,3.86,5.13,-0.23,-0.35,99.1,4.95,1,0.1,.13,0.0,0.1,1,.535,.500,,Free Agency
290,Mitch Keller\kellemi03,23,PIT,4.0,1,1,6,13.50,4.18,-0.26,0.18,110.0,5.08,-4,-0.3,,0.0,-0.2,-3,.230,.498,,Amateur Draft
329,Tyler Lyons*\lyonsty01,31,PIT,4.0,3,0,5,11.25,4.89,-0.26,-0.34,94.0,4.53,-3,-0.3,2.13,-0.2,-0.4,-3,.409,.498,,Free Agency
385,Dovydas Neverauskas\neverdo01,26,PIT,3.1,5,0,7,18.90,5.38,-0.39,-0.37,94.0,5.08,-5,-0.5,.62,0.1,-0.4,-5,.406,.497,,Amateur Free Agent
356,Alex McRae\mcraeal01,26,PIT,3.0,1,0,2,6.00,4.18,-0.23,-0.29,110.0,4.53,0,0.0,.10,0.0,0.0,0,.458,.500,,Amateur Draft
505,JB Shuck*\shuckja01,32,PIT,1.0,1,0,0,0.00,4.33,-0.35,-0.30,94.0,4.12,0,0.1,.00,0.0,0.0,1,.551,.500,$700000,Free Agency
305,Eric Lauer*\lauerer01,24,SDP,58.2,11,11,31,4.76,4.42,0.31,0.19,98.6,4.25,-2,-0.2,,-0.1,0.2,2,.481,.499,$562500,Amateur Draft
530,Matt Strahm*\strahma01,27,SDP,56.0,10,10,21,3.38,4.70,0.29,0.21,97.4,4.49,8,0.9,,-0.1,1.3,12,.588,.505,$581700,Traded
324,Joey Lucchesi*\lucchjo01,26,SDP,55.0,10,10,27,4.42,4.29,0.28,0.19,97.7,4.10,-1,-0.1,,-0.1,0.3,3,.492,.500,$565100,Amateur Draft
405,Chris Paddack\paddach01,23,SDP,51.1,9,9,15,2.63,4.65,0.24,0.20,95.2,4.40,11,1.2,,-0.1,1.6,15,.637,.508,$555000,Traded
335,Nick Margevicius*\margeni01,23,SDP,45.1,9,9,27,5.36,4.49,0.32,0.20,98.6,4.30,-4,-0.4,,-0.1,-0.1,-1,.452,.497,,Amateur Draft
523,Craig Stammen\stammcr01,35,SDP,29.0,27,0,11,3.41,4.54,0.31,-0.31,96.9,3.79,2,0.2,1.83,0.0,0.4,4,.507,.501,$2250000,Free Agency
611,Kirby Yates\yateski01,32,SDP,25.0,25,0,3,1.08,4.52,0.17,-0.31,96.2,3.89,8,0.9,2.43,0.5,1.6,10,.535,.505,$3062000,Waivers
162,Robbie Erlin*\erlinro01,28,SDP,24.1,17,1,12,4.44,4.65,0.28,-0.28,96.3,3.94,-1,-0.1,.86,-0.1,0.1,1,.495,.499,$1450000,Traded
580,Adam Warren\warread01,31,SDP,21.1,21,0,12,5.06,4.58,0.29,-0.32,97.7,3.88,-2,-0.2,1.08,-0.1,-0.1,-1,.489,.499,$2000000,Free Agency
437,Cal Quantrill\quantca01,24,SDP,21.0,4,4,12,5.14,4.53,0.30,0.20,96.0,4.25,-2,-0.2,,0.0,0.0,0,.460,.499,,Amateur Draft
601,Matt Wisler\wislema01,26,SDP,20.2,13,0,9,3.92,4.36,0.27,-0.30,104.3,3.95,1,0.1,.71,-0.1,0.2,2,.504,.500,$570000,Traded
599,Trey Wingenter\wingetr01,25,SDP,17.2,19,0,5,2.55,4.52,0.18,-0.31,97.0,3.91,3,0.3,1.41,0.0,0.5,4,.517,.502,$557200,Amateur Draft
345,Phil Maton\matonph01,26,SDP,17.0,15,0,11,5.82,4.68,0.33,-0.32,99.8,4.03,-3,-0.3,.61,0.0,-0.2,-2,.480,.498,$562900,Amateur Draft
591,Brad Wieck*\wieckbr01,27,SDP,16.0,20,0,11,6.19,4.57,0.27,-0.31,100.8,4.02,-4,-0.4,1.43,-0.1,-0.3,-2,.482,.498,,Traded
416,Luis Perdomo\perdolu02,26,SDP,10.0,6,0,7,6.30,4.33,0.31,-0.30,99.9,3.72,-3,-0.3,.86,0.0,-0.2,-2,.457,.498,,Purchased
529,Robert Stock\stockro01,29,SDP,6.0,7,0,8,12.00,5.02,0.28,-0.35,96.8,4.26,-5,-0.5,1.39,-0.1,-0.5,-5,.431,.497,$559900,Free Agency
30,Pedro Avila\avilape01,22,SDP,5.1,1,1,1,1.69,4.33,0.28,0.19,108.0,4.58,2,0.2,,0.0,0.3,2,.708,.501,,Traded
453,Gerardo Reyes\reyesge01,26,SDP,5.0,7,0,10,18.00,4.47,0.32,-0.31,104.6,4.02,-8,-0.7,1.13,-0.1,-0.7,-7,.398,.496,,Traded
321,Aaron Loup*\loupaa01,31,SDP,3.1,4,0,0,0.00,4.44,0.21,-0.31,92.6,3.64,1,0.1,.94,0.0,0.2,2,.537,.501,$1200000,Free Agency
210,Marco Gonzales*\gonzama02,27,SEA,72.2,13,13,44,5.45,4.81,-0.75,0.22,96.2,5.57,1,0.1,,-0.1,0.7,9,.507,.501,$900000,Traded
307,Mike Leake\leakemi01,31,SEA,65.2,11,11,42,5.76,4.82,-0.77,0.22,97.7,5.67,-1,-0.1,,-0.1,0.5,6,.494,.500,$16000000,Traded
296,Yusei Kikuchi*\kikucyu01,28,SEA,63.2,12,12,34,4.81,4.95,-0.71,0.23,95.2,5.60,6,0.6,,-0.1,1.1,12,.548,.504,$10000000,Free Agency
249,Felix Hernandez\hernafe02,33,SEA,38.2,8,8,31,7.22,4.77,-0.76,0.22,94.8,5.45,-8,-0.7,,0.0,-0.4,-4,.412,.496,$27858000,Amateur Free Agent
542,Erik Swanson\swanser01,25,SEA,31.1,7,6,32,9.19,4.52,-0.83,0.17,96.4,5.32,-13,-1.1,.78,0.0,-0.9,-10,.336,.493,,Traded
70,Brandon Brennan\brennbr01,27,SEA,28.1,23,0,11,3.49,4.87,-0.58,-0.33,94.6,4.84,4,0.4,1.06,-0.1,0.6,7,.519,.503,$575000,Rule 5 Draft
159,Roenis Elias*\eliasro01,30,SEA,25.1,21,0,15,5.33,4.81,-0.68,-0.32,96.3,4.98,-1,-0.1,1.61,-0.1,0.0,2,.495,.499,$910000,Traded
308,Wade LeBlanc*\leblawa01,34,SEA,23.1,5,5,21,8.10,5.12,-0.85,0.23,91.9,5.70,-6,-0.6,,0.0,-0.4,-4,.387,.497,$450000,Free Agency
485,Connor Sadzeck\sadzeco01,27,SEA,22.1,18,0,7,2.82,4.77,-0.56,-0.32,96.0,4.81,5,0.5,.74,-0.1,0.6,7,.528,.503,,Traded
201,Cory Gearrin\gearrco01,33,SEA,19.2,24,0,8,3.66,5.04,-0.56,-0.34,93.9,4.94,3,0.3,.81,-0.1,0.4,5,.512,.502,$1500000,Free Agency
65,Chasen Bradford\bradfch02,29,SEA,13.2,10,0,7,4.61,4.46,-0.72,-0.30,95.1,4.64,0,0.0,1.12,0.0,0.1,1,.500,.500,$562300,Waivers
366,Tommy Milone*\milonto01,32,SEA,10.2,2,2,4,3.38,4.28,-0.56,0.20,103.9,5.23,2,0.2,,0.0,0.3,3,.618,.501,,Free Agency
173,Matt Festa\festama01,26,SEA,9.0,7,0,6,6.00,5.07,-0.77,-0.34,93.9,5.16,-1,-0.1,1.02,0.0,0.0,0,.488,.499,$555500,Amateur Draft
4,R.J. Alaniz\alanirj01,28,SEA,4.0,4,0,10,22.50,4.93,-0.92,-0.33,93.5,5.16,-8,-0.7,.31,0.2,-0.4,-7,.336,.496,,Free Agency
355,David McKay\mckayda02,24,SEA,4.0,4,0,0,0.00,4.68,-0.63,-0.31,98.0,4.91,2,0.2,.04,-0.1,0.1,3,.557,.501,,Purchased
44,Anthony Bass\bassan01,31,SEA,3.2,3,0,0,0.00,5.16,-0.44,-0.35,92.7,4.88,2,0.2,.55,-0.1,0.2,2,.569,.501,,Free Agency
336,Parker Markel\markepa01,28,SEA,3.2,4,0,7,17.18,4.97,-1.00,-0.33,99.4,5.61,-5,-0.4,.20,0.2,-0.2,-4,.393,.497,,Free Agency
198,Ryan Garton\gartory01,29,SEA,3.0,2,0,4,12.00,4.97,-0.92,-0.33,100.7,5.59,-2,-0.2,.06,0.1,-0.1,-2,.402,.499,,Traded
502,Justus Sheffield*\sheffju01,23,SEA,3.0,1,0,2,6.00,4.28,-0.54,-0.29,90.0,4.08,-1,-0.1,.93,0.0,0.0,0,.439,.500,,Traded
534,Hunter Strickland\strichu01,30,SEA,2.1,3,0,3,11.57,5.79,-0.59,-0.39,90.0,5.39,-2,-0.2,2.28,-0.1,-0.2,-1,.449,.499,$1300000,Free Agency
380,Tom Murphy\murphto04,28,SEA,2.0,2,0,2,9.00,4.93,-0.58,-0.33,90.0,4.66,-1,-0.1,.00,0.0,0.0,-1,.454,.499,,Traded
480,Nick Rumbelow\rumbeni01,27,SEA,1.1,3,0,4,27.00,5.29,-1.03,-0.35,90.0,5.37,-3,-0.3,1.21,0.0,-0.3,-3,.402,.498,$559300,Traded
372,Dylan Moore\mooredy01,26,SEA,1.0,1,0,4,36.00,4.28,-1.85,-0.29,90.0,5.25,-3,-0.3,.00,0.1,-0.1,-3,.246,.498,$565000,Free Agency
12,Dan Altavilla\altavda01,26,SEA,0.2,2,0,3,40.50,5.49,-1.35,-0.36,100.7,6.52,-3,-0.2,1.52,-0.1,-0.3,-2,.387,.499,,Amateur Draft
78,Madison Bumgarner*\bumgama01,29,SFG,68.0,11,11,37,4.90,4.53,0.49,0.20,97.6,4.13,-4,-0.4,,-0.1,0.1,0,.461,.497,$12000000,Amateur Draft
487,Jeff Samardzija\samarje01,34,SFG,56.1,11,11,31,4.95,4.43,0.52,0.19,95.9,3.94,-5,-0.5,,-0.1,-0.1,-1,.454,.497,$19800000,Free Agency
259,Derek Holland*\hollade01,32,SFG,45.2,13,7,39,7.69,4.47,0.48,0.07,96.3,3.92,-18,-1.6,.12,0.1,-1.1,-15,.373,.490,$6500000,Free Agency
463,Dereck Rodriguez\rodride01,27,SFG,43.0,9,8,29,6.07,4.42,0.56,0.17,96.4,3.88,-10,-0.9,.01,0.0,-0.5,-7,.401,.495,$561250,Free Agency
430,Drew Pomeranz*\pomerdr01,30,SFG,37.2,9,9,27,6.45,4.66,0.51,0.20,98.1,4.26,-8,-0.8,,0.0,-0.5,-6,.412,.495,$1500000,Free Agency
571,Nick Vincent\vinceni01,32,SFG,30.2,18,1,20,5.87,4.42,0.54,-0.29,94.8,3.41,-8,-0.8,.54,0.1,-0.4,-6,.458,.495,$1750000,Free Agency
154,Sam Dyson\dysonsa01,31,SFG,26.0,24,0,9,3.12,4.48,0.46,-0.31,98.7,3.67,2,0.2,1.08,-0.1,0.4,4,.509,.501,$5000000,Traded
377,Reyes Moronta\moronre01,26,SFG,25.1,22,0,10,3.55,4.47,0.38,-0.31,94.7,3.58,1,0.1,1.55,-0.1,0.2,2,.503,.500,$567500,Amateur Free Agent
212,Trevor Gott\gotttr01,26,SFG,24.0,21,0,8,3.00,4.46,0.42,-0.31,97.8,3.66,2,0.2,.84,-0.1,0.4,4,.511,.501,$567500,Purchased
514,Will Smith*\smithwi04,29,SFG,20.2,21,0,6,2.61,4.51,0.34,-0.31,95.9,3.70,3,0.3,2.08,0.1,0.6,4,.514,.502,$4225000,Traded
359,Mark Melancon\melanma01,34,SFG,20.1,19,0,5,2.21,4.44,0.46,-0.31,100.1,3.68,4,0.4,.91,-0.1,0.5,5,.520,.502,$14000000,Free Agency
581,Tony Watson*\watsoto01,34,SFG,19.0,21,0,6,2.84,4.46,0.56,-0.31,97.7,3.51,2,0.2,1.75,0.0,0.4,3,.509,.501,$3500000,Free Agency
50,Travis Bergen*\bergetr01,25,SFG,17.0,18,0,8,4.24,4.57,0.48,-0.31,100.0,3.78,-1,-0.1,.54,0.0,0.1,1,.497,.500,$555000,Rule 5 Draft
22,Shaun Anderson\andersh01,24,SFG,15.0,3,3,11,6.60,4.32,0.63,0.19,92.0,3.57,-5,-0.4,,0.0,-0.3,-4,.359,.497,,Traded
539,Andrew Suarez*\suarean01,26,SFG,10.0,2,2,12,10.80,4.37,0.59,0.19,92.0,3.65,-8,-0.6,,0.0,-0.5,-7,.220,.497,,Amateur Draft
48,Tyler Beede\beedety01,26,SFG,6.2,3,1,11,14.85,4.10,0.64,-0.12,110.8,3.71,-8,-0.7,.60,0.1,-0.5,-8,.283,.496,,Amateur Draft
57,Ty Blach*\blachty01,28,SFG,3.1,1,0,7,18.90,5.65,0.82,-0.39,92.0,4.09,-5,-0.3,.65,0.0,-0.3,-5,.159,.498,,Amateur Draft
566,Pat Venditte#\vendipa01,34,SFG,3.1,2,0,6,16.20,4.17,0.61,-0.29,110.0,3.60,-5,-0.4,.07,0.2,-0.2,-4,.308,.498,$585000,Free Agency
118,Sam Coonrod\coonrsa01,26,SFG,2.0,2,0,1,4.50,4.36,0.51,-0.30,85.8,3.04,0,0.0,.06,0.0,0.0,0,.486,.500,,Amateur Draft
276,Williams Jerez*\jerezwi01,27,SFG,1.0,1,0,0,0.00,3.85,0.50,-0.26,134.0,4.15,0,0.1,.01,0.0,0.0,1,.551,.500,,Traded
491,Pablo Sandoval\sandopa01,32,SFG,1.0,1,0,0,0.00,4.18,0.33,-0.29,110.0,3.92,0,0.0,.00,0.0,0.0,1,.548,.500,$555000,Free Agency
361,Miles Mikolas\mikolmi01,30,STL,62.1,11,11,34,4.91,4.56,0.10,0.20,98.9,4.61,-1,-0.1,,-0.1,0.4,4,.493,.500,$8000000,Free Agency
176,Jack Flaherty\flaheja01,23,STL,59.2,11,11,26,3.92,4.51,0.08,0.20,99.9,4.62,6,0.6,,-0.1,1.1,10,.557,.504,$562100,Amateur Draft
576,Adam Wainwright\wainwad01,37,STL,58.1,11,11,33,5.09,4.36,0.09,0.19,100.0,4.46,-3,-0.3,,-0.1,0.2,1,.474,.498,$2000000,Free Agency
264,Dakota Hudson\hudsoda02,24,STL,53.1,11,10,33,5.57,4.55,0.10,0.19,99.9,4.64,-4,-0.4,7.38,-0.1,0.0,-1,.461,.497,$559100,Amateur Draft
574,Michael Wacha\wachami01,27,STL,46.2,9,9,32,6.17,4.51,0.09,0.20,99.9,4.61,-7,-0.7,,-0.1,-0.3,-4,.425,.496,$6350000,Amateur Draft
191,John Gant\gantjo01,26,STL,28.2,24,0,4,1.26,4.66,0.06,-0.32,99.5,4.25,10,1.1,1.26,0.0,1.4,12,.544,.507,$571300,Traded
69,John Brebbia\brebbjo01,29,STL,28.0,24,0,5,1.61,4.53,0.07,-0.31,99.4,4.12,8,0.9,1.05,-0.1,1.1,10,.537,.505,$569300,Rule 5 Draft
190,Giovanny Gallegos\gallegi01,27,STL,23.0,20,0,10,3.91,4.46,0.06,-0.31,100.8,4.13,1,0.1,.53,-0.1,0.2,3,.505,.501,,Traded
310,Dominic Leone\leonedo01,27,STL,21.1,20,0,19,8.02,4.56,0.08,-0.31,99.2,4.13,-9,-0.9,.32,0.2,-0.5,-7,.457,.495,$1260000,Traded
363,Andrew Miller*\millean01,34,STL,19.1,24,0,11,5.12,4.61,0.07,-0.32,99.6,4.21,-2,-0.2,1.37,-0.1,-0.1,0,.493,.499,$11000000,Free Agency
252,Jordan Hicks\hicksjo03,22,STL,17.0,19,0,8,4.24,4.59,0.07,-0.32,100.4,4.22,0,0.0,1.14,-0.1,0.1,2,.502,.500,$555000,Amateur Draft
584,Tyler Webb*\webbty01,28,STL,15.2,19,0,9,5.17,4.69,0.08,-0.32,100.7,4.32,-1,-0.1,.72,0.0,0.0,0,.494,.499,,Waivers
348,Mike Mayers\mayermi01,27,STL,8.1,8,0,5,5.40,4.59,0.10,-0.32,99.1,4.14,-1,-0.1,.88,0.0,-0.1,0,.488,.499,$563700,Amateur Draft
242,Ryan Helsley\helslry01,24,STL,8.0,4,0,3,3.38,4.47,0.07,-0.31,96.7,3.95,1,0.1,.28,-0.1,0.1,1,.518,.500,,Amateur Draft
218,Luke Gregerson\gregelu01,35,STL,5.2,6,0,5,7.94,4.27,0.13,-0.29,98.8,3.80,-2,-0.2,.08,0.1,-0.1,-2,.459,.498,$5000000,Free Agency
431,Daniel Ponce de Leon\ponceda01,27,STL,5.0,1,1,1,1.80,4.67,0.06,0.20,94.0,4.53,2,0.2,,0.0,0.2,2,.683,.501,,Amateur Draft
343,Carlos Martinez\martica04,27,STL,4.0,5,0,1,2.25,4.22,0.08,-0.29,103.2,3.96,1,0.1,1.21,0.0,0.1,1,.517,.501,$11700000,Free Agency
452,Alex Reyes\reyesal02,24,STL,3.0,4,0,5,15.00,4.53,0.10,-0.31,97.5,4.02,-4,-0.3,1.31,-0.1,-0.4,-3,.415,.498,$564600,Amateur Free Agent
225,Jedd Gyorko\gyorkje01,30,STL,0.1,1,0,0,0.00,4.19,0.00,-0.30,94.0,3.65,0,0.0,.00,0.0,0.0,0,.515,.500,$13000000,Traded
378,Charlie Morton\mortoch02,35,TBD,60.1,11,11,19,2.83,4.59,0.56,0.21,97.3,4.13,9,0.9,,-0.1,1.4,15,.583,.506,$15000000,Free Agency
104,Yonny Chirinos\chiriyo01,25,TBD,55.2,11,5,20,3.23,4.55,0.67,0.15,96.3,3.88,4,0.4,.77,-0.1,0.9,10,.537,.503,$561800,Amateur Free Agent
516,Blake Snell*\snellbl01,26,TBD,55.2,10,10,20,3.23,4.58,0.52,0.21,97.6,4.17,6,0.6,,-0.1,1.1,12,.560,.504,$573700,Amateur Draft
207,Tyler Glasnow\glasnty01,25,TBD,48.1,8,8,11,2.05,4.57,0.59,0.21,96.7,4.05,11,1.2,,-0.1,1.6,16,.646,.507,$566700,Traded
49,Jalen Beeks*\beeksja02,25,TBD,41.1,13,0,13,2.83,4.49,0.69,-0.05,96.0,3.60,4,0.4,1.06,-0.1,0.7,8,.528,.502,$556500,Traded
524,Ryne Stanek\stanery01,27,TBD,30.1,23,15,10,2.97,4.69,0.62,-0.09,96.2,3.83,3,0.3,1.14,-0.1,0.5,6,.513,.502,$564200,Amateur Draft
610,Ryan Yarbrough*\yarbrry01,27,TBD,27.2,7,1,17,5.53,4.31,0.74,-0.08,96.8,3.37,-7,-0.6,1.06,-0.1,-0.4,-4,.412,.496,$563400,Traded
92,Diego Castillo\castidi01,25,TBD,27.1,25,0,9,2.96,4.66,0.56,-0.31,95.7,3.62,2,0.2,1.83,0.0,0.5,5,.508,.501,$561500,Amateur Free Agent
14,Jose Alvarado*\alvarjo03,24,TBD,21.2,23,0,7,2.91,4.58,0.53,-0.31,96.4,3.61,2,0.2,1.70,0.0,0.4,4,.507,.501,$570600,Amateur Free Agent
406,Emilio Pagan\paganem01,28,TBD,19.0,17,0,1,0.47,4.59,0.47,-0.31,94.7,3.62,7,0.7,1.31,0.0,0.9,9,.540,.504,,Traded
303,Adam Kolarek*\kolarad01,30,TBD,18.0,26,0,9,4.50,4.71,0.83,-0.31,95.0,3.39,-2,-0.2,1.23,-0.1,-0.1,0,.492,.499,$560800,Free Agency
467,Chaz Roe\roech01,32,TBD,15.2,23,0,4,2.30,4.62,0.60,-0.31,94.5,3.51,2,0.2,1.43,0.0,0.4,4,.509,.501,$1275000,Purchased
484,Casey Sadler\sadleca02,28,TBD,15.1,7,0,4,2.35,4.91,0.73,-0.33,97.5,3.76,2,0.2,.45,-0.1,0.3,4,.535,.502,,Free Agency
603,Hunter Wood\woodhu01,25,TBD,10.2,8,2,3,2.53,4.65,0.63,-0.21,96.1,3.66,1,0.1,.88,0.0,0.2,2,.517,.501,,Amateur Draft
436,Austin Pruitt\pruitau01,29,TBD,7.1,4,0,6,7.36,4.39,0.79,-0.29,96.0,3.18,-3,-0.3,.33,0.1,-0.2,-3,.420,.498,,Amateur Draft
146,Oliver Drake\drakeol01,32,TBD,2.1,2,0,1,3.86,4.37,0.41,-0.29,100.7,3.69,0,0.0,.63,0.0,0.0,0,.498,.500,$566100,Purchased
166,Jake Faria\fariaja01,25,TBD,2.0,1,0,0,0.00,5.08,0.59,-0.34,94.0,3.90,1,0.1,.37,0.0,0.1,1,.592,.501,,Amateur Draft
368,Mike Minor*\minormi01,31,TEX,70.2,11,11,20,2.55,4.87,-0.42,0.22,108.1,5.96,27,3.0,,-0.1,3.7,34,.777,.519,$9833333,Free Agency
328,Lance Lynn\lynnla01,32,TEX,67.2,11,11,35,4.66,4.83,-0.47,0.22,105.1,5.80,9,0.9,,-0.1,1.5,16,.582,.506,$9333333,Free Agency
488,Adrian Sampson\sampsad01,27,TEX,51.2,12,5,28,4.88,5.16,-0.54,0.08,108.4,6.27,8,0.8,.80,-0.1,1.2,13,.569,.505,,Free Agency
515,Drew Smyly*\smylydr01,30,TEX,33.2,8,7,24,6.42,5.13,-0.47,0.23,109.7,6.41,0,0.0,.99,0.0,0.3,3,.499,.500,$7000000,Traded
365,Shelby Miller\millesh01,28,TEX,32.2,11,8,36,9.92,4.89,-0.57,0.17,109.0,6.13,-14,-1.2,.25,0.0,-0.9,-10,.387,.492,$2000000,Free Agency
102,Jesse Chavez\chaveje01,35,TEX,28.2,24,3,15,4.71,5.08,-0.50,-0.34,109.0,5.71,3,0.3,1.00,-0.1,0.5,6,.513,.502,$4000000,Free Agency
285,Ariel Jurado\juradar01,23,TEX,23.2,11,2,13,4.94,4.89,-0.53,-0.08,105.9,5.66,2,0.2,1.20,0.0,0.4,4,.517,.501,,Amateur Free Agent
145,Kyle Dowdy\dowdyky01,26,TEX,22.1,13,1,20,8.06,4.88,-0.53,-0.25,107.5,5.54,-6,-0.6,.99,-0.1,-0.4,-4,.454,.496,$555000,Waivers
309,Jose Leclerc\leclejo01,25,TEX,21.1,22,1,13,5.48,4.99,-0.33,-0.33,109.3,5.45,0,0.0,1.09,-0.1,0.1,2,.500,.500,$1500000,Amateur Free Agent
340,Chris Martin\martich02,33,TEX,20.1,20,0,10,4.43,4.95,-0.47,-0.33,110.7,5.63,3,0.3,1.25,0.0,0.4,5,.514,.502,$2250000,Free Agency
522,Jeffrey Springs*\sprinje01,26,TEX,18.0,13,0,13,6.50,5.24,-0.52,-0.35,104.3,5.65,-2,-0.2,.40,0.0,0.0,0,.487,.499,$557000,Amateur Draft
291,Shawn Kelley\kellesh01,35,TEX,17.2,18,0,5,2.55,4.92,-0.45,-0.33,113.7,5.73,6,0.6,1.92,0.2,1.1,8,.536,.504,$2500000,Free Agency
209,Jeanmar Gomez\gomezje01,31,TEX,15.1,16,0,15,8.80,5.24,-0.58,-0.35,107.1,5.86,-5,-0.5,.63,0.0,-0.3,-3,.469,.497,$100000,Free Agency
339,Brett Martin*\martibr01,24,TEX,15.0,14,0,12,7.20,4.89,-0.55,-0.33,105.9,5.42,-3,-0.3,.55,0.0,-0.1,-1,.479,.498,,Amateur Draft
573,Edinson Volquez\volqued01,35,TEX,7.2,2,2,6,7.04,4.61,-0.52,0.21,109.8,5.87,-1,-0.1,,0.0,0.0,0,.452,.499,$2000000,Free Agency
56,Kyle Bird*\birdky01,26,TEX,6.2,6,0,5,6.75,4.94,-0.46,-0.33,107.4,5.44,-1,-0.1,1.19,0.0,-0.1,0,.484,.499,$555000,Traded
263,Wei-Chieh Huang\huangwe01,25,TEX,5.2,4,0,5,7.94,5.13,-0.68,-0.34,98.1,5.36,-2,-0.2,.23,0.0,-0.1,-1,.461,.499,,Traded
344,Jeff Mathis\mathije01,36,TEX,1.0,1,0,0,0.00,5.18,-0.48,-0.34,90.0,4.79,1,0.1,.00,0.0,0.0,1,.555,.500,$3250000,Free Agency
240,Taylor Hearn*\hearnta01,24,TEX,0.1,1,1,5,135.00,5.18,-1.89,0.24,90.0,6.59,-5,-0.3,,0.0,-0.3,-5,.186,.498,,Traded
536,Marcus Stroman\stromma01,28,TOR,69.0,12,12,28,3.65,4.76,-0.25,0.22,96.5,5.05,11,1.1,,-0.1,1.7,18,.594,.507,$7400000,Amateur Draft
489,Aaron Sanchez\sanchaa01,26,TOR,60.0,12,12,30,4.50,4.90,-0.24,0.22,98.1,5.26,5,0.5,,-0.1,1.0,11,.543,.503,$3900000,Amateur Draft
551,Trent Thornton\thorntr01,25,TOR,55.0,11,11,27,4.42,4.50,-0.22,0.21,99.3,4.90,3,0.3,,-0.1,0.8,9,.527,.502,$555000,Traded
200,Sam Gaviglio\gavigsa01,29,TOR,36.0,19,0,17,4.25,4.85,-0.24,-0.32,97.7,4.66,2,0.2,.48,-0.2,0.4,5,.509,.501,$579500,Traded
504,Matt Shoemaker\shoemma01,32,TOR,28.2,5,5,7,2.20,4.58,-0.22,0.21,98.5,4.93,9,1.0,,0.0,1.2,12,.693,.506,$3500000,Free Agency
407,Thomas Pannone*\pannoth01,25,TOR,27.0,17,2,21,7.00,4.58,-0.24,-0.13,100.1,4.69,-7,-0.7,.93,-0.1,-0.5,-4,.461,.496,$560100,Traded
75,Clay Buchholz\buchhcl01,34,TOR,24.2,5,5,18,6.57,4.68,-0.30,0.21,101.7,5.29,-4,-0.3,,0.0,-0.1,-1,.433,.498,$3000000,Free Agency
265,Daniel Hudson\hudsoda01,32,TOR,24.2,25,1,13,4.74,4.73,-0.25,-0.29,97.7,4.58,0,0.0,.99,-0.1,0.1,2,.498,.500,$1500000,Free Agency
53,Joe Biagini\biagijo01,29,TOR,24.1,25,0,9,3.33,4.69,-0.24,-0.31,98.3,4.54,3,0.3,1.34,0.0,0.6,6,.513,.502,$900000,Rule 5 Draft
204,Ken Giles\gileske01,28,TOR,21.2,22,0,3,1.25,4.77,-0.17,-0.32,98.3,4.55,8,0.8,1.63,0.2,1.2,10,.537,.505,$6300000,Traded
349,Tim Mayza*\mayzati01,27,TOR,20.2,25,0,9,3.92,4.50,-0.21,-0.30,99.3,4.38,1,0.1,1.06,-0.1,0.3,3,.504,.501,$568300,Amateur Draft
325,Elvis Luciano\luciael01,19,TOR,19.2,15,0,16,7.32,4.78,-0.28,-0.32,99.6,4.73,-6,-0.6,.31,0.1,-0.2,-4,.463,.497,$555000,Rule 5 Draft
269,Edwin Jackson\jacksed01,35,TOR,14.0,3,3,16,10.29,4.51,-0.31,0.21,94.6,4.76,-9,-0.7,,0.0,-0.6,-7,.276,.496,,Purchased
306,Derek Law\lawde01,28,TOR,12.0,9,0,9,6.75,4.74,-0.23,-0.32,102.1,4.76,-3,-0.3,.68,0.0,-0.1,-1,.471,.498,,Traded
549,Ryan Tepera\teperry01,31,TOR,11.0,12,0,8,6.55,4.82,-0.28,-0.32,99.7,4.77,-2,-0.2,1.05,0.0,-0.2,-1,.482,.499,$1525000,Amateur Draft
455,Clayton Richard*\richacl01,35,TOR,8.0,2,2,3,3.38,4.98,-0.23,0.23,94.9,5.17,2,0.2,,0.0,0.2,2,.584,.501,$3000000,Traded
169,Ryan Feierabend*\feierry01,33,TOR,5.2,2,1,7,11.12,4.53,-0.36,0.06,97.4,4.82,-4,-0.3,.16,0.0,-0.3,-3,.332,.498,,Free Agency
575,Jacob Waguespack\wagueja01,25,TOR,4.0,1,0,3,6.75,4.89,-0.17,-0.33,94.0,4.45,-1,-0.1,.84,0.0,-0.1,-1,.406,.499,,Traded
333,Luke Maile\mailelu01,28,TOR,2.0,2,0,0,0.00,4.41,-0.17,-0.29,105.0,4.50,1,0.1,.00,-0.1,0.1,1,.552,.501,$579000,Waivers
450,Sean Reid-Foley\reidfse01,23,TOR,2.0,1,1,5,22.50,4.05,-0.34,-0.27,96.0,3.96,-4,-0.3,,0.0,-0.3,-4,.212,.498,,Amateur Draft
120,Jimmy Cordero\cordeji01,27,TOR,1.1,1,0,1,6.75,5.08,-0.31,-0.34,96.0,4.85,0,0.0,.66,0.0,0.0,0,.472,.500,,Waivers
500,Justin Shafer\shafeju01,26,TOR,1.1,1,0,0,0.00,4.89,-0.31,-0.32,94.0,4.59,1,0.1,.59,0.0,0.1,1,.571,.500,,Amateur Draft
532,Stephen Strasburg\strasst01,30,WSN,79.0,12,12,30,3.42,4.67,-0.51,0.20,99.6,5.37,19,2.1,,-0.1,2.7,24,.676,.513,$38333333,Amateur Draft
495,Max Scherzer\scherma01,34,WSN,77.1,12,12,31,3.61,4.73,-0.54,0.21,100.1,5.48,18,2.0,,-0.1,2.6,23,.666,.512,$42143000,Free Agency
119,Patrick Corbin*\corbipa01,29,WSN,72.2,11,11,24,2.97,4.66,-0.53,0.20,104.5,5.64,23,2.7,,-0.1,3.2,28,.742,.516,$12916666,Free Agency
490,Anibal Sanchez\sanchan01,35,WSN,42.1,9,9,26,5.53,4.48,-0.67,0.20,106.1,5.68,2,0.2,,0.0,0.5,5,.518,.501,$6000000,Free Agency
241,Jeremy Hellickson\hellije01,32,WSN,39.0,9,8,31,7.15,4.26,-0.71,0.16,110.7,5.68,-6,-0.5,.14,0.0,-0.2,-3,.440,.497,$1300000,Free Agency
144,Sean Doolittle*\doolise01,32,WSN,23.0,23,0,9,3.52,4.65,-0.60,-0.32,104.5,5.16,5,0.5,1.88,0.1,0.8,6,.521,.503,$6000000,Traded
213,Matt Grace*\gracema02,30,WSN,22.2,27,0,20,7.94,4.52,-0.74,-0.31,105.2,5.21,-6,-0.6,.87,0.0,-0.5,-5,.476,.496,$576400,Amateur Draft
541,Wander Suero\suerowa01,27,WSN,22.1,24,0,17,6.85,4.59,-0.52,-0.32,104.9,5.03,-4,-0.4,1.31,-0.1,-0.3,-2,.483,.497,$562500,Amateur Free Agent
40,Kyle Barraclough\barraky01,29,WSN,21.1,28,0,15,6.33,4.62,-0.64,-0.32,103.7,5.13,-2,-0.2,1.45,-0.1,-0.2,-1,.491,.498,$1725000,Traded
168,Erick Fedde\feddeer01,26,WSN,20.2,7,2,5,2.18,4.74,-0.61,-0.07,101.1,5.34,8,0.8,.55,-0.1,0.9,9,.621,.505,,Amateur Draft
364,Justin Miller\milleju02,32,WSN,15.2,17,0,8,4.60,4.81,-0.64,-0.33,103.4,5.29,2,0.2,1.04,0.0,0.3,3,.509,.501,$593200,Free Agency
476,Joe Ross\rossjo01,26,WSN,13.2,16,0,15,9.88,4.70,-0.69,-0.32,100.3,5.09,-7,-0.7,.96,0.0,-0.6,-6,.457,.496,$1000000,Traded
507,Tony Sipp*\sippto01,35,WSN,10.0,20,0,7,6.30,4.79,-0.69,-0.33,102.7,5.29,-1,-0.1,1.13,0.0,0.0,0,.495,.499,$1000000,Free Agency
353,Kyle McGowin\mcgowky01,27,WSN,7.0,2,1,8,10.29,4.36,-0.78,-0.02,108.0,5.53,-4,-0.3,.54,0.0,-0.2,-3,.345,.498,,Traded
440,Tanner Rainey\raineta01,26,WSN,5.0,5,0,3,5.40,4.63,-0.46,-0.32,97.6,4.66,0,0.0,1.02,0.0,0.0,0,.494,.500,,Traded
275,Dan Jennings*\jennida01,32,WSN,4.2,8,0,8,15.43,5.18,-0.68,-0.36,105.6,5.81,-5,-0.5,.92,0.0,-0.4,-5,.441,.497,,Free Agency
475,Trevor Rosenthal\rosentr01,29,WSN,3.0,7,0,12,36.00,5.77,-0.92,-0.40,112.4,7.06,-10,-0.9,.97,0.0,-0.8,-9,.376,.495,$7000000,Free Agency
60,James Bourque\bourqja01,25,WSN,0.2,1,0,4,54.00,4.39,-1.26,-0.30,108.0,5.78,-4,-0.3,.05,0.1,-0.1,-4,.235,.498,,Amateur Draft
593,Austen Williams\williau01,26,WSN,0.1,2,0,6,162.00,7.97,-3.13,-0.54,108.0,11.39,-6,-0.4,.20,0.2,-0.3,-6,.278,.497,,Amateur Draft
